experiment,A.1 Expected Annual Damage,A.1 Dike Investment Costs,A.1_Expected Number of Deaths,A.2 Expected Annual Damage,A.2 Dike Investment Costs,A.2_Expected Number of Deaths,RfR Total Costs,Expected Evacuation Costs
0,2240232297.300435,0,1.8958883357460286,0.0,0,0.0,0.0,0.0
1,2645031840.341651,0,1.8952146695885794,0.0,0,0.0,0.0,0.0
2,0.0,0,0.0,112213298.1644359,0,0.09326493136754299,0.0,0.0
3,1677681388.8199778,0,1.245963950033552,155474970.2602049,0,0.15202212753365574,0.0,0.0
4,737468225.263716,0,0.47414050759417536,0.0,0,0.0,0.0,0.0
5,0.0,0,0.0,46394529.022846624,0,0.043547091564866296,0.0,0.0
6,2766419105.0098553,0,1.9196781487059595,0.0,0,0.0,0.0,0.0
7,0.0,0,0.0,549820449.411907,0,0.5722535665778621,0.0,0.0
8,3449295904.8267655,0,1.9440479889759832,0.0,0,0.0,0.0,0.0
9,1533751781.0009158,0,1.499468006064882,0.0,0,0.0,0.0,0.0
10,14939221.91752072,0,0.01375023524342402,22898402.779601462,0,0.028186397657700764,0.0,0.0
11,219192914.50900513,0,0.14510469571581996,328449682.7015501,0,0.27786834954989903,0.0,0.0
12,0.0,0,0.0,292730470.15518224,0,0.27999340162389047,0.0,0.0
13,2198997546.221664,0,1.5422504830748685,21767205.625317905,0,0.021647445306404667,0.0,0.0
14,104603822.90637022,0,0.07034477070516247,20003821.745230597,0,0.018104682603070955,0.0,0.0
15,2910917788.7678256,0,1.8706585353239917,976907769.8495343,0,0.7982368725346466,0.0,0.0
16,2618543097.675905,0,1.9258812980786466,0.0,0,0.0,0.0,0.0
17,2240232297.300435,0,1.8958883357460286,0.0,0,0.0,0.0,0.0
18,2999497805.334521,0,1.9426872303297924,4900116.3680697875,0,0.004644689969603762,0.0,0.0
19,0.0,0,0.0,57020446.74824101,0,0.06082412917483007,0.0,0.0
20,477942333.706337,0,0.3673015267538789,11032195.909087434,0,0.011392807224298586,0.0,0.0
21,0.0,0,0.0,166868664.75397587,0,0.1622163947032017,0.0,0.0
22,3080403991.7095914,0,1.8922802036152344,0.0,0,0.0,0.0,0.0
23,708718912.7520785,0,0.47863364508444894,0.0,0,0.0,0.0,0.0
24,0.0,0,0.0,238882305.80497903,0,0.2162496188555494,0.0,0.0
25,0.0,0,0.0,49135056.38274836,0,0.044397787434331204,0.0,0.0
26,0.0,0,0.0,15245160.490104463,0,0.016027934559547905,0.0,0.0
27,2778567046.023631,0,1.9302896161182637,565315074.6188718,0,0.5031398507373801,0.0,0.0
28,0.0,0,0.0,5844405.146520142,0,0.0049859096079030805,0.0,0.0
29,0.0,0,0.0,81457000.09124312,0,0.07777913752315266,0.0,0.0
30,1064683231.3109293,0,0.7504853601213022,319653278.402912,0,0.2936532386525701,0.0,0.0
31,21677859.84845403,0,0.013543528972665864,27991867.787983485,0,0.023448865840046035,0.0,0.0
32,2857085400.1447105,0,1.5287927685574014,17987236.84469117,0,0.013206481788655734,0.0,0.0
33,0.0,0,0.0,613404538.0628364,0,0.47717423177394197,0.0,0.0
34,0.0,0,0.0,1111121257.7058134,0,0.8390152508219385,0.0,0.0
35,53637166.48299451,0,0.04013901123990977,224216982.0650437,0,0.21290502701930064,0.0,0.0
36,73660339.84550107,0,0.058939923281784753,4423902.363827845,0,0.004853485708133457,0.0,0.0
37,2263667921.0698404,0,1.9209105150553052,0.0,0,0.0,0.0,0.0
38,1176679127.0907853,0,0.7496498633497377,0.0,0,0.0,0.0,0.0
39,0.0,0,0.0,548033327.1756136,0,0.4760951761702767,0.0,0.0
40,2458264313.493105,0,1.9108279062823885,50957249.284119695,0,0.0550606240911188,0.0,0.0
41,15807130.799327351,0,0.013688374621900317,20278985.95226025,0,0.023569495598429364,0.0,0.0
42,0.0,0,0.0,49155960.49879111,0,0.06024717324378423,0.0,0.0
43,152858225.87792385,0,0.10660009591350976,147595878.35817784,0,0.13419020871017415,0.0,0.0
44,2928352789.7053266,0,1.934121756480562,0.0,0,0.0,0.0,0.0
45,2735041512.967724,0,1.8922802036152344,871580811.1765099,0,0.7475972861622586,0.0,0.0
46,18879123.03868661,0,0.013296952326880523,815888263.3649974,0,0.6806241095998387,0.0,0.0
47,2587863845.875096,0,1.8883360326310494,0.0,0,0.0,0.0,0.0
48,3142461314.3592973,0,1.940400782836922,29063890.337128103,0,0.02528093994018423,0.0,0.0
49,198023886.65464306,0,0.14815075883691403,76284505.84244464,0,0.07554461513056648,0.0,0.0
50,22593984.10951299,0,0.01328113017539706,19613390.80556401,0,0.015522637393703536,0.0,0.0
51,2992399088.6657066,0,1.9369136779356746,0.0,0,0.0,0.0,0.0
52,2267113419.6189404,0,1.9245906786933227,3363881.020676374,0,0.003892059539582191,0.0,0.0
53,3432359021.8428802,0,1.9320616374161106,0.0,0,0.0,0.0,0.0
54,0.0,0,0.0,164921779.2633668,0,0.13439524915471804,0.0,0.0
55,59394694.9601977,0,0.04166019419445349,102232938.41439906,0,0.09349689363248631,0.0,0.0
56,0.0,0,0.0,22816907.762275554,0,0.03026927776801384,0.0,0.0
57,3080403991.7095914,0,1.8922802036152344,0.0,0,0.0,0.0,0.0
58,0.0,0,0.0,49232266.26203306,0,0.0604320021558907,0.0,0.0
59,16928502.286448773,0,0.01387345383331478,32078678.37208755,0,0.0347762559161789,0.0,0.0
60,2782323035.4508653,0,1.9335708328351577,13501877.942459498,0,0.012863109340093189,0.0,0.0
61,74880574.55282298,0,0.05639968396393226,92160150.80595134,0,0.09071415448920736,0.0,0.0
62,2973580710.1170816,0,1.9216076264375355,0.0,0,0.0,0.0,0.0
63,20518830.695174072,0,0.014130960496803199,34216354.65048004,0,0.03141355170274354,0.0,0.0
64,72994803.53888872,0,0.03910967725468518,21226613.631853946,0,0.015512061231755902,0.0,0.0
65,3417586040.8736687,0,1.9216076264375355,0.0,0,0.0,0.0,0.0
66,59947868.06337146,0,0.04062705955051467,48956643.70691073,0,0.04408397667215547,0.0,0.0
67,2532221157.105426,0,1.492478195208988,38454202.40952892,0,0.03190732494404162,0.0,0.0
68,1394515903.2727118,0,0.8834086805722177,0.0,0,0.0,0.0,0.0
69,0.0,0,0.0,196838227.83096457,0,0.136949736911035,0.0,0.0
70,518093321.1934072,0,0.37135358976102006,69030968.92679487,0,0.06516377770443198,0.0,0.0
71,18009726.897851422,0,0.013944391079398035,60675237.70865032,0,0.06137893712892317,0.0,0.0
72,0.0,0,0.0,97763568.06113566,0,0.09212640151086338,0.0,0.0
73,2590377308.3162975,0,1.8906515462051598,0.0,0,0.0,0.0,0.0
74,0.0,0,0.0,14311310.533414543,0,0.01574085290916113,0.0,0.0
75,0.0,0,0.0,972837169.0369282,0,0.8127195112114066,0.0,0.0
76,18590120.643182345,0,0.013637953904338054,644537701.2004045,0,0.5668341195109883,0.0,0.0
77,0.0,0,0.0,78464808.47915623,0,0.09319354180938735,0.0,0.0
78,2818667254.3720665,0,1.9214277577989096,0.0,0,0.0,0.0,0.0
79,51654224.88785064,0,0.04085144103303076,58466613.35171101,0,0.06109225023506129,0.0,0.0
80,2772042806.0656643,0,1.9245906786933227,0.0,0,0.0,0.0,0.0
81,42945244.04718384,0,0.03998602122354865,179335275.88839412,0,0.21154159771421865,0.0,0.0
82,209841986.48663008,0,0.14288149016485122,8140294.453863812,0,0.007464291197779316,0.0,0.0
83,0.0,0,0.0,49329010.86986224,0,0.04473893474991774,0.0,0.0
84,0.0,0,0.0,380948668.1291466,0,0.33794338399552404,0.0,0.0
85,0.0,0,0.0,14201851.9564626,0,0.015512061231755902,0.0,0.0
86,0.0,0,0.0,100119298.09302443,0,0.08469385255887706,0.0,0.0
87,0.0,0,0.0,27881973.098250918,0,0.03228202991993058,0.0,0.0
88,3016213315.1224527,0,1.8654062692551698,46950281.173510775,0,0.0390253352337854,0.0,0.0
89,3111493727.742012,0,1.9163826719504795,0.0,0,0.0,0.0,0.0
90,0.0,0,0.0,24219751.861201745,0,0.027956473488623432,0.0,0.0
91,2746778928.4626517,0,1.9025283533522885,0.0,0,0.0,0.0,0.0
92,3278381440.9737916,0,1.9256320120437302,0.0,0,0.0,0.0,0.0
93,3919629787.5200167,0,1.920211661347642,5670311.211444689,0,0.0037468425533178514,0.0,0.0
94,3080403991.709591,0,1.8922802036152344,29369911.971323982,0,0.025819202604641295,0.0,0.0
95,3100495929.9644547,0,1.9078562443917924,0.0,0,0.0,0.0,0.0
96,2600652241.055086,0,1.9093316470279054,11958914.798092896,0,0.01176226907858629,0.0,0.0
97,61452481.69996949,0,0.039515304234117477,882050556.4700637,0,0.6792060550462651,0.0,0.0
98,55831814.01847692,0,0.039515304234117477,235431101.66121823,0,0.21138193928401205,0.0,0.0
99,137375727.56702042,0,0.14327904341329672,0.0,0,0.0,0.0,0.0
100,2958482739.3865724,0,1.9093316470279054,0.0,0,0.0,0.0,0.0
101,3217580520.948078,0,1.880718622914645,0.0,0,0.0,0.0,0.0
102,0.0,0,0.0,1081316488.859957,0,0.866228237025715,0.0,0.0
103,13534956.807099598,0,0.013648452702288958,11588744.886131398,0,0.015813182747880475,0.0,0.0
104,2720984878.073859,0,1.8800045520964264,692692909.396107,0,0.6076966883693308,0.0,0.0
105,2760917467.8827734,0,1.871896666398618,0.0,0,0.0,0.0,0.0
106,0.0,0,0.0,4870692.384049942,0,0.005083463214411524,0.0,0.0
107,15013708.937321018,0,0.013829574335588037,50882288.62875786,0,0.06123159170299675,0.0,0.0
108,3329056563.1544867,0,1.9258812980786466,34187938.587297216,0,0.026218198616922258,0.0,0.0
109,57680770.58164092,0,0.04204906695042406,4943298.008320814,0,0.004913065540714122,0.0,0.0
110,291821206.2447767,0,0.2110864243681631,0.0,0,0.0,0.0,0.0
111,0.0,0,0.0,375852062.6556552,0,0.33123020262298186,0.0,0.0
112,2636521998.4287376,0,1.8875227111950539,0.0,0,0.0,0.0,0.0
113,2472840513.404522,0,1.9251014609176984,0.0,0,0.0,0.0,0.0
114,19775854.310517617,0,0.013540996182688088,41854577.93350831,0,0.037967775260353054,0.0,0.0
115,61304968.03169185,0,0.03940370687256218,90553434.61435953,0,0.07617077602178196,0.0,0.0
116,17124755.211951453,0,0.013693571395635339,493174888.06795067,0,0.4765420059203814,0.0,0.0
117,0.0,0,0.0,13446747.974373631,0,0.01569465324166827,0.0,0.0
118,2565091200.464378,0,1.8764409947329181,0.0,0,0.0,0.0,0.0
119,91574319.74541694,0,0.06918059070572466,292962336.42135245,0,0.28015775675862664,0.0,0.0
120,2331393064.5072265,0,1.9286513893841977,541295808.8389578,0,0.5440571393690078,0.0,0.0
121,56598513.8148377,0,0.040153721610961556,16217243.165961612,0,0.015739333776191626,0.0,0.0
122,0.0,0,0.0,49783024.28184271,0,0.06176605611604231,0.0,0.0
123,2276116277.2443953,0,1.9342066840731218,224881842.8225021,0,0.25524176656932807,0.0,0.0
124,126687984.57049175,0,0.0776272828236376,128017256.99818692,0,0.10277093126503889,0.0,0.0
125,1795877070.1332607,0,1.2684730557135036,0.0,0,0.0,0.0,0.0
126,2491531327.346262,0,1.9434084010163555,3824462.924281455,0,0.004122761807169564,0.0,0.0
127,281150378.518569,0,0.14855488292755667,1311794456.4777784,0,0.8390397436076688,0.0,0.0
128,3069397067.4993963,0,1.8837459631121174,0.0,0,0.0,0.0,0.0
129,298008688.91129947,0,0.21652139208202753,297727778.12453103,0,0.2784798703156667,0.0,0.0
130,0.0,0,0.0,426000361.2099887,0,0.4721083677411958,0.0,0.0
131,0.0,0,0.0,13514233.943868646,0,0.015844550882937625,0.0,0.0
132,47372879.202656284,0,0.03789925326667401,881407295.8004951,0,0.8304325073888109,0.0,0.0
133,54264074.582978725,0,0.04068967545451985,78426653.9156118,0,0.07701872913639997,0.0,0.0
134,2948687393.7038603,0,1.9013682118065536,0.0,0,0.0,0.0,0.0
135,2398231132.22682,0,1.9108279062823885,0.0,0,0.0,0.0,0.0
136,1751926211.6952152,0,1.0488834078604872,0.0,0,0.0,0.0,0.0
137,0.0,0,0.0,25807517.661040522,0,0.02810354214709938,0.0,0.0
138,0.0,0,0.0,17083666.870712265,0,0.015875703158170357,0.0,0.0
139,404783300.7903701,0,0.3065987800009832,918709323.312506,0,0.8529351055275161,0.0,0.0
140,1230975427.6981268,0,1.0691813123663132,593517706.0200446,0,0.6508567891346961,0.0,0.0
141,0.0,0,0.0,22925844.719709218,0,0.028251143641521745,0.0,0.0
142,58638117.812340915,0,0.03958704546060709,837211147.3017329,0,0.6756477260793301,0.0,0.0
143,3508693359.6135654,0,1.8685259288827722,64409490.7697365,0,0.04593967361975619,0.0,0.0
144,2464673318.502043,0,1.9171027933212268,0.0,0,0.0,0.0,0.0
145,2966812397.062167,0,1.9161036888372194,0.0,0,0.0,0.0,0.0
146,0.0,0,0.0,36255284.690145336,0,0.034338780989248946,0.0,0.0
147,3898813638.5743704,0,1.9073796074089193,6521624.91951051,0,0.004726919097429226,0.0,0.0
148,602129801.3671851,0,0.31193375997438166,0.0,0,0.0,0.0,0.0
149,0.0,0,0.0,18796836.40499889,0,0.015993038681470055,0.0,0.0
150,198232103.07086205,0,0.14833697160452208,4606437.623062002,0,0.0047319725070694265,0.0,0.0
151,2110508293.7467136,0,1.9111573168044866,0.0,0,0.0,0.0,0.0
152,236309162.78157204,0,0.14712334925808768,352051930.38198507,0,0.28011165465327886,0.0,0.0
153,55779378.53370874,0,0.040433039530824694,145302220.05333683,0,0.13546351729484993,0.0,0.0
154,0.0,0,0.0,158246855.4011917,0,0.2153626587541868,0.0,0.0
155,21212959.780252166,0,0.013885949365097593,164099895.83380544,0,0.13668754133263475,0.0,0.0
156,100921498.49617967,0,0.05841328809218713,1243443385.303308,0,0.8529605289231184,0.0,0.0
157,159348605.88526535,0,0.14078195486167175,346841628.19536716,0,0.38556089352307127,0.0,0.0
158,2607974420.972806,0,1.9161036888372194,0.0,0,0.0,0.0,0.0
159,2701252873.871241,0,1.9460504473884381,105367820.72999528,0,0.10595065643973314,0.0,0.0
160,2478412068.536083,0,1.543601687438242,229323389.32347348,0,0.18943675255753953,0.0,0.0
161,135549962.3482229,0,0.07849157921083194,0.0,0,0.0,0.0,0.0
162,0.0,0,0.0,17695860.450592477,0,0.015481273505508049,0.0,0.0
163,16991678.125943497,0,0.013933297353294152,57307822.79239495,0,0.06142711633631291,0.0,0.0
164,2424216548.5606384,0,1.9369136779356746,4081776.9016693607,0,0.0048998505388472505,0.0,0.0
165,2491182279.238736,0,1.943066534648057,0.0,0,0.0,0.0,0.0
166,0.0,0,0.0,25416020.86315368,0,0.02323081109470289,0.0,0.0
167,2708719638.0692563,0,1.952804568033265,4002805.629041763,0,0.003932953971685513,0.0,0.0
168,20023639.58818088,0,0.012986202263494881,51113805.84085484,0,0.04362865768004362,0.0,0.0
169,2913278677.6559052,0,1.9216076264375355,0.0,0,0.0,0.0,0.0
170,2633326931.5080743,0,1.9395603402025086,3594825.9972680067,0,0.0034893874910021105,0.0,0.0
171,101892394.26402381,0,0.08616157422068417,10893320.35145206,0,0.01250177651369673,0.0,0.0
172,17904156.636935025,0,0.013849977147877526,961476580.9970286,0,0.8681077093844047,0.0,0.0
173,1854607715.490732,0,1.208024927374418,0.0,0,0.0,0.0,0.0
174,0.0,0,0.0,13372251.268565014,0,0.015529183580839384,0.0,0.0
175,2487602452.09944,0,1.9395603402025086,0.0,0,0.0,0.0,0.0
176,140973191.5740815,0,0.10539334450153666,0.0,0,0.0,0.0,0.0
177,0.0,0,0.0,742117238.7521652,0,0.6739885077775645,0.0,0.0
178,306985163.07996905,0,0.2530529481375863,194941382.48051876,0,0.20959547714559024,0.0,0.0
179,257257198.19597888,0,0.1891863981728095,739021559.1563009,0,0.6691328919079039,0.0,0.0
180,2935504199.9810877,0,1.8906515462051598,0.0,0,0.0,0.0,0.0
181,1988998224.9077706,0,1.795453003452876,0.0,0,0.0,0.0,0.0
182,0.0,0,0.0,130622942.54418549,0,0.13595090065852108,0.0,0.0
183,61074990.3435837,0,0.041522056937647975,68375937.9237218,0,0.06144761004715512,0.0,0.0
184,0.0,0,0.0,32733957.8354629,0,0.030603635898362673,0.0,0.0
185,0.0,0,0.0,0.0,0,0.0,0.0,0.0
186,78525608.93495964,0,0.07092430814740702,14042882.37266663,0,0.01707226992537861,0.0,0.0
187,2612356100.5188713,0,1.9108994870127394,0.0,0,0.0,0.0,0.0
188,0.0,0,0.0,3999197.293101613,0,0.005042218929876239,0.0,0.0
189,70239932.28562018,0,0.0410349633383256,79222973.32781863,0,0.061127674133201616,0.0,0.0
190,62933612.06601739,0,0.03991590413934418,1137218647.536265,0,0.8490323852082479,0.0,0.0
191,93705194.38562858,0,0.06959242375734537,0.0,0,0.0,0.0,0.0
192,3937856269.4308777,0,1.9314511306883082,0.0,0,0.0,0.0,0.0
193,3141377704.796344,0,1.9395603402025086,5103980.340981277,0,0.004584001264096772,0.0,0.0
194,663618406.8628234,0,0.6239161451092949,16395626.156100351,0,0.020950340083770152,0.0,0.0
195,16970473.677592225,0,0.013550723152671414,107971598.87157449,0,0.11031126213374476,0.0,0.0
196,2097693982.3647025,0,1.2497326528577615,839545246.7896506,0,0.6303928343782428,0.0,0.0
197,0.0,0,0.0,87261377.43545565,0,0.07790890210426077,0.0,0.0
198,21415550.474856555,0,0.01403921371854687,32385821.016090557,0,0.028431366296621855,0.0,0.0
199,76926000.75414415,0,0.05700259407058329,4818220.262164525,0,0.004981368562197566,0.0,0.0
200,871986741.8320222,0,0.4844451219431393,250945536.9645424,0,0.1807410555592519,0.0,0.0
201,1042262747.7377012,0,0.7311205981369213,26472096.695943326,0,0.025666927385533164,0.0,0.0
202,3644024161.6708765,0,1.935952289217624,0.0,0,0.0,0.0,0.0
203,0.0,0,0.0,427885102.39266837,0,0.3957356366840746,0.0,0.0
204,0.0,0,0.0,487508375.1624827,0,0.3848446215754775,0.0,0.0
205,2985925543.928269,0,1.9316477723969152,15329176.563137397,0,0.01410132477614917,0.0,0.0
206,53594864.64787638,0,0.04010185410824649,113573278.60662499,0,0.10985550064894742,0.0,0.0
207,2442316504.5696354,0,1.8952146695885794,0.0,0,0.0,0.0,0.0
208,0.0,0,0.0,73434097.40352231,0,0.07791738241650199,0.0,0.0
209,0.0,0,0.0,5363869.164148973,0,0.005041120744516618,0.0,0.0
210,348873092.29367876,0,0.18306463578864215,20698535.82211765,0,0.01477355764421269,0.0,0.0
211,316213091.4180727,0,0.1947176612461654,349458900.6416841,0,0.276756763186652,0.0,0.0
212,0.0,0,0.0,17065955.684696313,0,0.015844550882937625,0.0,0.0
213,2799202931.8965974,0,1.9483168315857045,38864868.77050556,0,0.0366013447063276,0.0,0.0
214,2631808996.6504164,0,1.9288260271347022,0.0,0,0.0,0.0,0.0
215,58536768.83663978,0,0.03950656877228886,0.0,0,0.0,0.0,0.0
216,0.0,0,0.0,74833199.79778124,0,0.061276014960853664,0.0,0.0
217,0.0,0,0.0,60247667.416349664,0,0.06053191763713807,0.0,0.0
218,0.0,0,0.0,139343906.0194401,0,0.13760745439160876,0.0,0.0
219,15165561.483078875,0,0.013045045074146215,0.0,0,0.0,0.0,0.0
220,0.0,0,0.0,32849097.47723359,0,0.02837535247836084,0.0,0.0
221,425163569.09216374,0,0.30527582958187427,14484838.444757495,0,0.014010225906822733,0.0,0.0
222,19058390.225244235,0,0.013707459716438965,180607232.67900777,0,0.16423305560685653,0.0,0.0
223,0.0,0,0.0,209343373.50937104,0,0.2139403077040913,0.0,0.0
224,2634576151.1971207,0,1.9407161581748973,4189585.144151166,0,0.00439739254936952,0.0,0.0
225,2686863629.1947904,0,1.9330365403602556,0.0,0,0.0,0.0,0.0
226,2896167846.5896363,0,1.9074073111277003,33130850.926473416,0,0.029091209607824547,0.0,0.0
227,95693881.51304181,0,0.058762664728448114,18509716.444026217,0,0.015532257848425343,0.0,0.0
228,174809891.88431624,0,0.10956563205865547,5454670.309375462,0,0.004609119695894046,0.0,0.0
229,3126177953.117284,0,1.927770840308181,0.0,0,0.0,0.0,0.0
230,423292936.5045394,0,0.31035302183864166,0.0,0,0.0,0.0,0.0
231,3947144649.4520264,0,1.9371797401648936,5571661.114008086,0,0.003655049413274371,0.0,0.0
232,3432683752.34937,0,1.9322914620441156,0.0,0,0.0,0.0,0.0
233,17388035.9010652,0,0.013937341228508919,214106443.69019195,0,0.2151083233937262,0.0,0.0
234,0.0,0,0.0,29453884.56761136,0,0.023120838746906798,0.0,0.0
235,2628501935.492156,0,1.880270729027544,0.0,0,0.0,0.0,0.0
236,15104675.978632813,0,0.013926466955186389,297434136.2255224,0,0.3373086039469274,0.0,0.0
237,63927754.02329773,0,0.04138790264238406,132930361.50126159,0,0.11146551434463503,0.0,0.0
238,271393877.7776685,0,0.2108500051823904,205920258.71842614,0,0.20787821502437637,0.0,0.0
239,3621494714.9272995,0,1.9209105150553052,0.0,0,0.0,0.0,0.0
240,2289326310.9982185,0,1.9483168315857045,0.0,0,0.0,0.0,0.0
241,728084769.565118,0,0.4667847500255413,0.0,0,0.0,0.0,0.0
242,2693236705.505644,0,1.9388007855744323,12775217.020742785,0,0.012499728600774099,0.0,0.0
243,156419651.42968956,0,0.10956563205865547,99792753.84812114,0,0.09212956750015885,0.0,0.0
244,0.0,0,0.0,222025549.481723,0,0.2156512982708298,0.0,0.0
245,2336515279.6890707,0,1.933980695481789,2960649.703302934,0,0.0031184158214110445,0.0,0.0
246,183346208.37255767,0,0.10463705312253688,377707467.33257395,0,0.27405752498981784,0.0,0.0
247,0.0,0,0.0,169000158.57497713,0,0.21372710994020483,0.0,0.0
248,0.0,0,0.0,16563986.113164727,0,0.015871191531207,0.0,0.0
249,3622538828.398555,0,1.9216076264375355,54179297.05350344,0,0.04019145643198038,0.0,0.0
250,2492703011.804344,0,1.9445559951504907,0.0,0,0.0,0.0,0.0
251,0.0,0,0.0,13596780.747557938,0,0.01602790115944603,0.0,0.0
252,169347003.1153906,0,0.1074325150039858,0.0,0,0.0,0.0,0.0
253,2899070729.594179,0,1.8610268550800206,0.0,0,0.0,0.0,0.0
254,0.0,0,0.0,271826758.6738457,0,0.2129325011788748,0.0,0.0
255,22215840.900136568,0,0.013933297353294152,171439811.05392897,0,0.13680227579046256,0.0,0.0
256,377628732.2371705,0,0.31045672036597616,37826368.283901095,0,0.04142266519420849,0.0,0.0
257,3353739258.7992344,0,1.8764409947329181,0.0,0,0.0,0.0,0.0
258,0.0,0,0.0,58654751.71251626,0,0.07619435543745905,0.0,0.0
259,0.0,0,0.0,74059759.54015556,0,0.07631643043483403,0.0,0.0
260,0.0,0,0.0,1015437703.1188643,0,0.846484756677632,0.0,0.0
261,2336732446.2172747,0,1.9342066840731218,0.0,0,0.0,0.0,0.0
262,146584249.75018525,0,0.10390235098157524,4874055.625875855,0,0.004782706712324356,0.0,0.0
263,2788889154.3206463,0,1.8958883357460286,55466629.279073365,0,0.0513453850587912,0.0,0.0
264,58803306.44980626,0,0.03971821436881795,67754442.4359906,0,0.06035445917220711,0.0,0.0
265,3099881131.903191,0,1.9073796074089193,0.0,0,0.0,0.0,0.0
266,549042846.7246608,0,0.3734329765458463,376256176.2276565,0,0.33030936511345,0.0,0.0
267,46251670.25131371,0,0.03940370687256218,13318950.092017855,0,0.015410792740475293,0.0,0.0
268,0.0,0,0.0,18042909.346720815,0,0.016062845822090933,0.0,0.0
269,0.0,0,0.0,61215512.496684216,0,0.06028751013081481,0.0,0.0
270,0.0,0,0.0,36830394.8115523,0,0.04487086479020537,0.0,0.0
271,613983662.3655529,0,0.47019731687399663,4246171.073810721,0,0.004516124050478929,0.0,0.0
272,0.0,0,0.0,24420626.22353939,0,0.023569495598429364,0.0,0.0
273,239793369.53511518,0,0.19956393374331044,262109449.60964847,0,0.2806372812187245,0.0,0.0
274,0.0,0,0.0,240441983.35044527,0,0.21284162038905882,0.0,0.0
275,3660316634.7711887,0,1.946829648301509,0.0,0,0.0,0.0,0.0
276,2470817896.0628467,0,1.923120459570002,0.0,0,0.0,0.0,0.0
277,21024133.313986287,0,0.013743097955644327,17930884.125811394,0,0.01587511790257637,0.0,0.0
278,411194046.3903531,0,0.3659584245994495,773027794.3359033,0,0.8449646743142947,0.0,0.0
279,0.0,0,0.0,841430864.9203458,0,0.8437714949301098,0.0,0.0
280,3286256765.985224,0,1.9314511306883082,5388514.325765645,0,0.004636472542926711,0.0,0.0
281,2935504199.9810877,0,1.8906515462051598,165506136.89890945,0,0.14400696354146153,0.0,0.0
282,3598929061.861175,0,1.9058502606670538,42522019.16277109,0,0.030536749174053603,0.0,0.0
283,243625169.15942132,0,0.17680284180069197,14878087.506211895,0,0.014775367942632251,0.0,0.0
284,17562784.757717688,0,0.013544680363085293,219632248.13504967,0,0.21206685807284156,0.0,0.0
285,2173864550.3392506,0,1.847914927698886,0.0,0,0.0,0.0,0.0
286,24105399.90575687,0,0.013056577694587679,42406427.72354491,0,0.03053459679431946,0.0,0.0
287,0.0,0,0.0,79124986.9867548,0,0.06097931886668424,0.0,0.0
288,375324737.91205585,0,0.3081583579738221,0.0,0,0.0,0.0,0.0
289,20871930.72248674,0,0.013389195829708662,27138424.27584703,0,0.02331643220224098,0.0,0.0
290,1379442688.1763043,0,1.0305859090356377,3969568.376773742,0,0.00401256411395211,0.0,0.0
291,2118446385.1096904,0,1.920211661347642,0.0,0,0.0,0.0,0.0
292,2699600490.9281125,0,1.9445559951504907,0.0,0,0.0,0.0,0.0
293,225417363.02084756,0,0.1992136723349983,0.0,0,0.0,0.0,0.0
294,2676630173.27242,0,1.9237818122891528,0.0,0,0.0,0.0,0.0
295,735362188.1113068,0,0.4724886977228282,0.0,0,0.0,0.0,0.0
296,2979470051.866739,0,1.9263975915089828,0.0,0,0.0,0.0,0.0
297,3139185992.676774,0,1.9378604847117225,0.0,0,0.0,0.0,0.0
298,0.0,0,0.0,19212120.946063474,0,0.023855178670767585,0.0,0.0
299,1453317636.8775272,0,1.0687283978629194,13957301.006364351,0,0.014452720711704331,0.0,0.0
300,3149745490.214108,0,1.9460504473884381,0.0,0,0.0,0.0,0.0
301,2595112141.760943,0,1.8950126776256062,16881975.603688173,0,0.016003680206690362,0.0,0.0
302,2460092245.37689,0,1.9126175182511145,0.0,0,0.0,0.0,0.0
303,2910332474.846387,0,1.9191619175100887,4031870.167014558,0,0.003521146578000689,0.0,0.0
304,537347423.3893653,0,0.4761186535986754,34788400.941059925,0,0.04121307065490647,0.0,0.0
305,0.0,0,0.0,5786452.839787828,0,0.005156702208548656,0.0,0.0
306,0.0,0,0.0,4209219.291289948,0,0.004955971062206075,0.0,0.0
307,108094402.80625738,0,0.08638240005774186,4401441.15377867,0,0.0048419196993776635,0.0,0.0
308,2341147897.0260496,0,1.9388007855744323,0.0,0,0.0,0.0,0.0
309,3073929247.075849,0,1.887260539883438,0.0,0,0.0,0.0,0.0
310,3639657730.54031,0,1.9330365403602556,76929304.57867634,0,0.05768904400072918,0.0,0.0
311,2569566106.32102,0,1.8805807763163092,0.0,0,0.0,0.0,0.0
312,0.0,0,0.0,27316370.961385705,0,0.028274254212888275,0.0,0.0
313,215880920.81890976,0,0.1792803214253005,0.0,0,0.0,0.0,0.0
314,0.0,0,0.0,13017567.628206808,0,0.015465159966447962,0.0,0.0
315,3662543900.0371227,0,1.9483168315857045,0.0,0,0.0,0.0,0.0
316,118062887.57210617,0,0.07915756563361147,248112641.90236917,0,0.2128293753387706,0.0,0.0
317,0.0,0,0.0,35618665.63868066,0,0.03452443142169593,0.0,0.0
318,104160017.08604334,0,0.06062685384734966,290989062.905921,0,0.21603401756547214,0.0,0.0
319,2882967275.345792,0,1.8964530903944896,456194307.0115836,0,0.37315481070847917,0.0,0.0
320,2627345375.3072443,0,1.9247121002519938,0.0,0,0.0,0.0,0.0
321,18563560.873713113,0,0.014143755507393913,15501069.617716555,0,0.015987500018184237,0.0,0.0
322,0.0,0,0.0,33783096.05864725,0,0.03065149144954735,0.0,0.0
323,368037579.0280448,0,0.2516880341271928,80301126.91576265,0,0.07297095689540269,0.0,0.0
324,584685403.6535935,0,0.47483100204062756,0.0,0,0.0,0.0,0.0
325,54489058.34481114,0,0.040887296934466584,23079101.675066687,0,0.023431323171128813,0.0,0.0
326,2292769916.8918977,0,1.888482413212221,0.0,0,0.0,0.0,0.0
327,736800660.4842491,0,0.47361690944202556,4926920.53055666,0,0.004272570062254317,0.0,0.0
328,17533628.868058495,0,0.013518605575111791,15087529.536383282,0,0.01571566662907009,0.0,0.0
329,70661698.98933503,0,0.041323245868162856,19717279.83093084,0,0.01567992956197103,0.0,0.0
330,14845943.178082827,0,0.01365088034205935,12718048.320708035,0,0.015833891566528258,0.0,0.0
331,21380877.0330371,0,0.014012982490835756,501672771.7766154,0,0.401485444462871,0.0,0.0
332,13717369.004407147,0,0.013861533710968401,735055080.2673755,0,0.8662496805370241,0.0,0.0
333,63947981.233211696,0,0.04140320497527551,32086309.10603274,0,0.027929454786976615,0.0,0.0
334,1800218061.2124457,0,1.5441425890776816,0.0,0,0.0,0.0,0.0
335,62351278.35763739,0,0.03948201718640251,1132409987.5597224,0,0.8437714949301098,0.0,0.0
336,3340185547.0817075,0,1.933980695481789,0.0,0,0.0,0.0,0.0
337,0.0,0,0.0,26391823.53084498,0,0.028288318934341066,0.0,0.0
338,3148707452.46297,0,1.9452453020854148,0.0,0,0.0,0.0,0.0
339,143337326.23088038,0,0.10750764492719378,10224024.915550455,0,0.010474442750407553,0.0,0.0
340,2090497173.3940623,0,1.8883360326310494,0.0,0,0.0,0.0,0.0
341,3089102711.1196504,0,1.8990232491241312,20866509.410845198,0,0.01694534773916074,0.0,0.0
342,0.0,0,0.0,329561215.5168226,0,0.32812670873363065,0.0,0.0
343,16386313.676457731,0,0.013300395561575466,130516864.08394341,0,0.13486930932644556,0.0,0.0
344,3205639889.964894,0,1.871896666398618,332941194.9555156,0,0.2395602227932475,0.0,0.0
345,2126067172.7971478,0,1.9289067523122807,2908476.549259713,0,0.0034779883200290757,0.0,0.0
346,0.0,0,0.0,986096495.5650576,0,0.8087879897758168,0.0,0.0
347,2325872101.085644,0,1.9229076384282462,0.0,0,0.0,0.0,0.0
348,1302604171.0978599,0,1.030093116761796,28982020.383199453,0,0.03184331664695067,0.0,0.0
349,48532660.908254564,0,0.041690955733436286,263889930.3086654,0,0.2844711072039829,0.0,0.0
350,3088177416.670727,0,1.8983058776436899,0.0,0,0.0,0.0,0.0
351,799378913.6102526,0,0.7490887695646402,376133083.05687314,0,0.4492700107503514,0.0,0.0
352,2496596999.1222935,0,1.9483702481939598,213163152.93906572,0,0.2073495003010764,0.0,0.0
353,17317089.589446932,0,0.013324949478737049,36902435.762287736,0,0.037453554321658394,0.0,0.0
354,2789179099.122291,0,1.9395603402025086,4439680.5809214525,0,0.00440162573689167,0.0,0.0
355,1687421355.4518442,0,1.546662620217596,0.0,0,0.0,0.0,0.0
356,3293648137.142351,0,1.9369136779356746,0.0,0,0.0,0.0,0.0
357,60356705.085771285,0,0.04095169874293869,248892751.2767884,0,0.21403019807234938,0.0,0.0
358,0.0,0,0.0,22875584.79160936,0,0.02384315154475406,0.0,0.0
359,63616980.13466146,0,0.04042507007766237,0.0,0,0.0,0.0,0.0
360,0.0,0,0.0,4254951.4612948205,0,0.00505754987132974,0.0,0.0
361,89132354.38673398,0,0.060208266139450364,1085726673.648951,0,0.8713528261007055,0.0,0.0
362,18631699.424522348,0,0.013673292461050774,23874400.939521138,0,0.02347349402417022,0.0,0.0
363,0.0,0,0.0,11529861.81230855,0,0.015660822126105353,0.0,0.0
364,3260766057.493017,0,1.9126175182511145,0.0,0,0.0,0.0,0.0
365,21361180.754621223,0,0.013998081819397414,164492357.12388667,0,0.13726785956912455,0.0,0.0
366,188247064.52569422,0,0.1453501073410594,339737323.05859447,0,0.333176223854023,0.0,0.0
367,1900624269.23854,0,1.4828660015054358,0.0,0,0.0,0.0,0.0
368,0.0,0,0.0,17138815.223725572,0,0.01597270381471335,0.0,0.0
369,3075315811.3079853,0,1.8883360326310494,0.0,0,0.0,0.0,0.0
370,17114018.390973255,0,0.01398707527800588,14377892.428360093,0,0.015880023213157506,0.0,0.0
371,445373695.12077177,0,0.31032359869283543,307990587.5585473,0,0.2793852649602455,0.0,0.0
372,15165561.483078875,0,0.013045045074146215,840348059.9896493,0,0.8420639727318175,0.0,0.0
373,44235570.93648488,0,0.04014220779567458,70799918.64556897,0,0.0839614206679201,0.0,0.0
374,0.0,0,0.0,17112205.61663273,0,0.015925900071404212,0.0,0.0
375,50591828.98220077,0,0.04076480875275415,131115442.16624896,0,0.13588718199053962,0.0,0.0
376,212786987.6401396,0,0.14823737245929,63373540.47552136,0,0.058071267369035035,0.0,0.0
377,0.0,0,0.0,100804335.93638131,0,0.07704634395592784,0.0,0.0
378,20432506.2861477,0,0.014062414144840496,190549770.0015602,0,0.16585998668531834,0.0,0.0
379,2925373167.3056984,0,1.9316477723969152,15570013.313311186,0,0.015139982289847236,0.0,0.0
380,0.0,0,0.0,137817088.95950863,0,0.135062346937846,0.0,0.0
381,986135984.5917499,0,0.7494258461950806,0.0,0,0.0,0.0,0.0
382,1155658469.0239158,0,1.0729859780277526,0.0,0,0.0,0.0,0.0
383,19712413.153070964,0,0.01349062039724911,104926179.26906052,0,0.09262025946922417,0.0,0.0
384,2802469560.1172495,0,1.8053752444451932,883654667.8271017,0,0.7117444808507012,0.0,0.0
385,195311542.17014414,0,0.14572504629062874,0.0,0,0.0,0.0,0.0
386,16365897.298904207,0,0.01328113017539706,57028018.86182872,0,0.06038157552775141,0.0,0.0
387,18649444.85405972,0,0.013688374621900317,145653609.9398711,0,0.13603530496595156,0.0,0.0
388,0.0,0,0.0,225445537.7517292,0,0.21475190904435176,0.0,0.0
389,2758333779.1483088,0,1.9126175182511145,0.0,0,0.0,0.0,0.0
390,2779170005.976569,0,1.887554195566913,0.0,0,0.0,0.0,0.0
391,3919629787.5200167,0,1.920211661347642,0.0,0,0.0,0.0,0.0
392,2729628849.302197,0,1.887554195566913,0.0,0,0.0,0.0,0.0
393,0.0,0,0.0,34267674.11386848,0,0.03535160919372124,0.0,0.0
394,109511538.79928112,0,0.08772478674844954,56682028.480080105,0,0.060114042599892885,0.0,0.0
395,479875538.66810334,0,0.36911050524496336,100878558.71822377,0,0.10248516812513475,0.0,0.0
396,0.0,0,0.0,1072975948.0516639,0,0.8562427614840342,0.0,0.0
397,0.0,0,0.0,17030884.844115958,0,0.01578286464253461,0.0,0.0
398,178868287.16020662,0,0.10890819409599203,94491303.28928445,0,0.07606769108261101,0.0,0.0
399,100423517.6975865,0,0.0846886675942913,13295481.560282916,0,0.015358665200818591,0.0,0.0
400,661962973.9286486,0,0.4804841754446401,508009887.7318543,0,0.4713082819351547,0.0,0.0
401,162548073.3555328,0,0.1083899057946657,0.0,0,0.0,0.0,0.0
402,2729292690.6032515,0,1.887260539883438,13090073.809969174,0,0.012320315888934083,0.0,0.0
403,2941197406.5182505,0,1.9447852372024699,0.0,0,0.0,0.0,0.0
404,55697792.48729334,0,0.03940370687256218,28888696.657924764,0,0.027444578117506387,0.0,0.0
405,2681041121.04529,0,1.927770840308181,0.0,0,0.0,0.0,0.0
406,16105014.172428478,0,0.01398707527800588,54179336.55638109,0,0.06152228283924185,0.0,0.0
407,0.0,0,0.0,14512592.69235932,0,0.01559158904879927,0.0,0.0
408,0.0,0,0.0,978971452.3931227,0,0.868166865233975,0.0,0.0
409,0.0,0,0.0,663429643.7327564,0,0.6763388019295621,0.0,0.0
410,2913981998.528759,0,1.922191527143134,28619593.266133986,0,0.02584874311119184,0.0,0.0
411,237642109.7011838,0,0.182838345644388,593154878.4914408,0,0.5677914542949399,0.0,0.0
412,2297102633.9370055,0,1.8929873903823853,66897187.31728402,0,0.07301570818332463,0.0,0.0
413,141194262.18254364,0,0.1100485764344023,284626707.703927,0,0.2823117836939635,0.0,0.0
414,0.0,0,0.0,92786451.8553275,0,0.09189698515241428,0.0,0.0
415,0.0,0,0.0,856275749.6739705,0,0.866228237025715,0.0,0.0
416,0.0,0,0.0,31695594.034582548,0,0.03090182312417082,0.0,0.0
417,3253712050.080453,0,1.9074073111277003,16027828.936032973,0,0.012937340052210759,0.0,0.0
418,0.0,0,0.0,12580551.355348846,0,0.015509483880350713,0.0,0.0
419,2467067544.755018,0,1.9194472392488238,3233853.954276231,0,0.0032499123156329926,0.0,0.0
420,0.0,0,0.0,583442998.6457853,0,0.5552753737566947,0.0,0.0
421,70023022.76597235,0,0.05964739068869751,19999020.265015114,0,0.02294764491645171,0.0,0.0
422,2741653342.777811,0,1.8980525918466427,0.0,0,0.0,0.0,0.0
423,2122284249.2944221,0,1.9245906786933227,0.0,0,0.0,0.0,0.0
424,2226024375.3100786,0,1.880718622914645,10675027.253253723,0,0.012270868609977486,0.0,0.0
425,0.0,0,0.0,16009905.032680275,0,0.01535690555821026,0.0,0.0
426,149940388.63586473,0,0.08647565334110291,56350472.65653618,0,0.043290827123589955,0.0,0.0
427,53490700.93572636,0,0.040863112751673314,138428352.82483664,0,0.13602895176218044,0.0,0.0
428,203848808.2059585,0,0.1799345887747637,0.0,0,0.0,0.0,0.0
429,3136725743.758136,0,1.935952289217624,5255194.462734966,0,0.004849972381768067,0.0,0.0
430,0.0,0,0.0,195701632.9806236,0,0.21176305979805493,0.0,0.0
431,2284194128.909614,0,1.5175786308729124,0.0,0,0.0,0.0,0.0
432,0.0,0,0.0,43671968.352227435,0,0.04448839160046748,0.0,0.0
433,1168825192.7503629,0,0.8790968649666056,4154017.4315659953,0,0.004289368869800195,0.0,0.0
434,0.0,0,0.0,14404806.173022423,0,0.01605207727703199,0.0,0.0
435,2448778078.314778,0,1.520595561616834,0.0,0,0.0,0.0,0.0
436,130425475.74064621,0,0.11010106696633562,459374900.3595325,0,0.48203133918139185,0.0,0.0
437,665609786.831147,0,0.6262092443648823,0.0,0,0.0,0.0,0.0
438,16930883.529026862,0,0.013514066898345643,21847035.703218885,0,0.023333368048702015,0.0,0.0
439,2478835084.333935,0,1.9309725174847476,0.0,0,0.0,0.0,0.0
440,479058637.0411731,0,0.31218300666980503,27898761.26620367,0,0.02412530253695819,0.0,0.0
441,0.0,0,0.0,25819379.04979168,0,0.028335894060137694,0.0,0.0
442,0.0,0,0.0,111913794.21026477,0,0.13350664740790294,0.0,0.0
443,3099916865.8136053,0,1.9074073111277003,32772551.626033608,0,0.028165646623374035,0.0,0.0
444,19209213.018376797,0,0.013833047192028533,36614386.0547194,0,0.03500113138642551,0.0,0.0
445,44368330.38820176,0,0.04154217468354749,76327136.00192179,0,0.09294586867992813,0.0,0.0
446,2675898883.1072116,0,1.923120459570002,0.0,0,0.0,0.0,0.0
447,2594617538.240453,0,1.9037505264582921,0.0,0,0.0,0.0,0.0
448,2965366426.2708206,0,1.9149280390277617,0.0,0,0.0,0.0,0.0
449,1044648125.6811321,0,0.7495561876226604,0.0,0,0.0,0.0,0.0
450,2618943888.593028,0,1.916969134992041,83735023.13006675,0,0.08481945750266895,0.0,0.0
451,0.0,0,0.0,166518449.0219862,0,0.1365756790636562,0.0,0.0
452,0.0,0,0.0,23758488.17655087,0,0.023255271435017752,0.0,0.0
453,3078302711.4105062,0,1.8906515462051598,15561544.52582713,0,0.013301691310109276,0.0,0.0
454,62943636.742533386,0,0.05826149513894341,496866043.45178705,0,0.5598809351977059,0.0,0.0
455,48367970.33252141,0,0.04152581330701023,459609116.30434966,0,0.4829364941015646,0.0,0.0
456,3928419423.7494736,0,1.9256320120437302,59412543.91935689,0,0.04107936875656936,0.0,0.0
457,2975440707.3524075,0,1.923120459570002,0.0,0,0.0,0.0,0.0
458,120024151.89251271,0,0.0807149179041309,1088833899.2903626,0,0.8748266997674695,0.0,0.0
459,3335114183.124829,0,1.9302896161182637,0.0,0,0.0,0.0,0.0
460,2343455763.8432837,0,1.9412018410273695,0.0,0,0.0,0.0,0.0
461,188108361.61450064,0,0.14522168324131032,920223106.7920202,0,0.8553497539784253,0.0,0.0
462,473826760.02904284,0,0.30804910216991654,0.0,0,0.0,0.0,0.0
463,2921763613.5509396,0,1.9286513893841977,4631947.695897369,0,0.004326903416980585,0.0,0.0
464,0.0,0,0.0,368592689.6947388,0,0.48500100624029274,0.0,0.0
465,129526059.98624334,0,0.10919918354412594,53634461.22263798,0,0.060312023463476694,0.0,0.0
466,97210018.06296152,0,0.06990410269584754,63185241.72411874,0,0.060136284423730146,0.0,0.0
467,3455403211.8807535,0,1.9483702481939598,49365032.82485611,0,0.03812097566780346,0.0,0.0
468,0.0,0,0.0,3891825.452672237,0,0.005033425353090957,0.0,0.0
469,0.0,0,0.0,49127571.30239196,0,0.044384621896845944,0.0,0.0
470,2613924101.9630275,0,1.9216076264375355,0.0,0,0.0,0.0,0.0
471,0.0,0,0.0,175745319.12642002,0,0.16244742280765034,0.0,0.0
472,2627767822.570457,0,1.9251014609176984,0.0,0,0.0,0.0,0.0
473,3961529540.2457356,0,1.9460504473884381,59865784.05254045,0,0.04169474139540224,0.0,0.0
474,2451035180.3111744,0,1.9037505264582921,611734115.4212275,0,0.5798435692998687,0.0,0.0
475,148831558.21090132,0,0.1100485764344023,225414702.66192824,0,0.2142615606760377,0.0,0.0
476,3431774164.830242,0,1.9316477723969152,17511109.054204985,0,0.0139296554260524,0.0,0.0
477,58677357.097486965,0,0.0396182036217891,154778000.939671,0,0.13443389896121366,0.0,0.0
478,3655192320.775993,0,1.9434084010163555,143226311.569396,0,0.10654142552820639,0.0,0.0
479,2469869476.441945,0,1.922191527143134,0.0,0,0.0,0.0,0.0
480,1774857504.710987,0,1.2500694676967603,0.0,0,0.0,0.0,0.0
481,2778567046.0236316,0,1.9302896161182637,0.0,0,0.0,0.0,0.0
482,2762743230.6972547,0,1.9164679329866798,0.0,0,0.0,0.0,0.0
483,0.0,0,0.0,15742737.150460359,0,0.015465159966447962,0.0,0.0
484,257737817.8922158,0,0.19775038432669118,73098715.67011544,0,0.0743453898776776,0.0,0.0
485,0.0,0,0.0,31322190.43310409,0,0.04495632749931669,0.0,0.0
486,479875538.66810334,0,0.36911050524496336,904094561.500551,0,0.8571309808688996,0.0,0.0
487,1778165499.6834564,0,1.0683406453579372,5044763.2506823,0,0.004095524459930887,0.0,0.0
488,2686039939.2898154,0,1.9322914620441156,4510281.163902528,0,0.004856893135127858,0.0,0.0
489,2770953571.3484697,0,1.9236392053943403,0.0,0,0.0,0.0,0.0
490,138390042.3614287,0,0.09234473734187798,1075905924.891624,0,0.8592590722624005,0.0,0.0
491,0.0,0,0.0,15489226.320060596,0,0.01596445659413723,0.0,0.0
492,174809891.88431624,0,0.10956563205865547,0.0,0,0.0,0.0,0.0
493,14359407.663920708,0,0.01353997335161105,499392873.179214,0,0.564188563985557,0.0,0.0
494,0.0,0,0.0,292518032.7411746,0,0.2796870570695301,0.0,0.0
495,21856966.9834114,0,0.013673292461050774,434301285.2508113,0,0.3338946804830737,0.0,0.0
496,2769771586.6494164,0,1.9226067011172217,0.0,0,0.0,0.0,0.0
497,64876746.84519832,0,0.04136370085171247,134949242.2653498,0,0.1114347217735146,0.0,0.0
498,3646325390.317382,0,1.9374886694689248,0.0,0,0.0,0.0,0.0
499,204597285.83435512,0,0.1449443326767746,0.0,0,0.0,0.0,0.0
500,2837386391.483506,0,1.9374886694689248,0.0,0,0.0,0.0,0.0
501,0.0,0,0.0,35887872.63547983,0,0.04490206101491322,0.0,0.0
502,44072808.311195865,0,0.04121901951763548,22261151.397909798,0,0.02808162771520661,0.0,0.0
503,118602551.99364129,0,0.06834980070018419,19600061.218557205,0,0.015502455862160563,0.0,0.0
504,0.0,0,0.0,962491728.5113344,0,0.846330049630847,0.0,0.0
505,809231054.2849681,0,0.47483100204062756,264908131.12443152,0,0.20399060909880493,0.0,0.0
506,2755330972.3122187,0,1.9099955806699445,0.0,0,0.0,0.0,0.0
507,0.0,0,0.0,121191430.11686835,0,0.10072124701446236,0.0,0.0
508,20756987.447106466,0,0.013540996182688088,17895121.127289638,0,0.01581518752927658,0.0,0.0
509,0.0,0,0.0,134516398.8167315,0,0.13747139605211298,0.0,0.0
510,60916308.417245515,0,0.03910967725468518,109169980.94440643,0,0.09111353216716847,0.0,0.0
511,2470600607.4613776,0,1.9229076384282462,0.0,0,0.0,0.0,0.0
512,2120568639.9598985,0,1.539126554980686,0.0,0,0.0,0.0,0.0
513,0.0,0,0.0,616626881.6260053,0,0.5724598705342985,0.0,0.0
514,2746778928.4626517,0,1.9025283533522885,4450142.713199336,0,0.004422351288045658,0.0,0.0
515,3126177953.117284,0,1.927770840308181,0.0,0,0.0,0.0,0.0
516,0.0,0,0.0,823548413.2202667,0,0.836469842149121,0.0,0.0
517,0.0,0,0.0,4761773.429997778,0,0.005039693737042665,0.0,0.0
518,0.0,0,0.0,858396446.7691796,0,0.8694366506405691,0.0,0.0
519,0.0,0,0.0,12473937.959921345,0,0.016041724936969527,0.0,0.0
520,0.0,0,0.0,15226304.552575322,0,0.015990580826347387,0.0,0.0
521,738337943.2831525,0,0.7410858584003102,27800845.58477425,0,0.037561583429245975,0.0,0.0
522,1879997802.9847627,0,1.228691462885,0.0,0,0.0,0.0,0.0
523,51113646.53528367,0,0.041442707321241286,57269090.56307019,0,0.06134584638534256,0.0,0.0
524,2698331555.189169,0,1.9434084010163555,106131805.67949718,0,0.10718772756254437,0.0,0.0
525,3022958127.6795526,0,1.9209105150553052,0.0,0,0.0,0.0,0.0
526,0.0,0,0.0,669655104.5006099,0,0.4782226680445808,0.0,0.0
527,974349029.2699513,0,0.6224330840088033,0.0,0,0.0,0.0,0.0
528,0.0,0,0.0,10839301.8299745,0,0.015928144285939833,0.0,0.0
529,330975697.82440996,0,0.21756919501553024,11222285.806538701,0,0.009959506762188796,0.0,0.0
530,1985114630.3849983,0,1.933970226612051,0.0,0,0.0,0.0,0.0
531,2993552912.6511984,0,1.937852130609568,0.0,0,0.0,0.0,0.0
532,2133913993.5868573,0,1.9378604847117225,0.0,0,0.0,0.0,0.0
533,455618345.6820872,0,0.3049031797615836,15625969.196625927,0,0.014169801742125555,0.0,0.0
534,144081128.49487698,0,0.0824707797426391,56124908.77974084,0,0.0429493143301194,0.0,0.0
535,0.0,0,0.0,94311931.0559976,0,0.0828425010555297,0.0,0.0
536,0.0,0,0.0,224287274.58867967,0,0.28031720859035925,0.0,0.0
537,1223091457.0512066,0,1.0607284970666166,109732831.9121181,0,0.12946948539576753,0.0,0.0
538,366451841.87643135,0,0.2566709819354496,129940272.08959705,0,0.11958982157596171,0.0,0.0
539,138105256.78403434,0,0.08688950508309021,1153812511.6242576,0,0.8675442503616395,0.0,0.0
540,2625223144.781974,0,1.9320616374161106,0.0,0,0.0,0.0,0.0
541,2771116825.455154,0,1.9237818122891528,0.0,0,0.0,0.0,0.0
542,55076397.99944826,0,0.04140320497527551,95243254.67823975,0,0.09337934281337033,0.0,0.0
543,0.0,0,0.0,120050284.98689595,0,0.11029835380698214,0.0,0.0
544,1554964262.8631902,0,1.0451815724634743,362486340.9048017,0,0.3138579933867804,0.0,0.0
545,501482298.8742497,0,0.30546505189800044,1137394701.5744598,0,0.8479463817355992,0.0,0.0
546,0.0,0,0.0,4472499.249398048,0,0.004955063522096438,0.0,0.0
547,2740051423.7430086,0,1.896653816314378,0.0,0,0.0,0.0,0.0
548,0.0,0,0.0,28708212.553578287,0,0.031236532522578964,0.0,0.0
549,2762257980.2258234,0,1.916044192891602,106580333.91099195,0,0.09221345703392549,0.0,0.0
550,218829925.37606126,0,0.1448164622816611,5150011.735912149,0,0.0046649660669587385,0.0,0.0
551,51048478.280412816,0,0.04119571404215186,106530684.84847018,0,0.1113934588720226,0.0,0.0
552,2603289958.8064075,0,1.9117710636237282,0.0,0,0.0,0.0,0.0
553,1955776554.2392468,0,1.8980525918466427,0.0,0,0.0,0.0,0.0
554,117605358.36488378,0,0.0787942621551955,574461155.689728,0,0.47549780872512193,0.0,0.0
555,3081316398.21841,0,1.8929873903823853,47602252.72148825,0,0.04170173300351507,0.0,0.0
556,2406535118.371805,0,1.9191619175100887,0.0,0,0.0,0.0,0.0
557,2818667254.3720665,0,1.9214277577989096,60045070.88356434,0,0.058010189810337495,0.0,0.0
558,2529668228.2931547,0,1.4905920093293061,576812732.389655,0,0.44556485834516557,0.0,0.0
559,743109486.781575,0,0.47856670027817844,0.0,0,0.0,0.0,0.0
560,0.0,0,0.0,84214172.14127803,0,0.07717350542083366,0.0,0.0
561,1244146095.2578506,0,1.0487056403734116,79960690.07537957,0,0.0884139519945811,0.0,0.0
562,0.0,0,0.0,60776593.14400429,0,0.061579722896524684,0.0,0.0
563,189392630.94833302,0,0.10876985445857656,78172973.48484737,0,0.05953793208491206,0.0,0.0
564,2682297207.5522676,0,1.9289067523122807,0.0,0,0.0,0.0,0.0
565,2792758693.0291133,0,1.9426872303297924,0.0,0,0.0,0.0,0.0
566,3074307853.6136913,0,1.887554195566913,0.0,0,0.0,0.0,0.0
567,218942464.99064818,0,0.14490582495576715,11515045.38847985,0,0.010474442750407553,0.0,0.0
568,2273536782.3694077,0,1.9314511306883082,0.0,0,0.0,0.0,0.0
569,171680913.76265436,0,0.109198170169243,1136267343.200291,0,0.8673788814078192,0.0,0.0
570,17008928.938085712,0,0.013049354264873036,22384290.462477,0,0.022869894327234377,0.0,0.0
571,533987210.288913,0,0.4724886977228282,770512071.9615799,0,0.8407650200578395,0.0,0.0
572,3214421366.199759,0,1.878384543147862,0.0,0,0.0,0.0,0.0
573,0.0,0,0.0,28771213.515467875,0,0.02832633074847158,0.0,0.0
574,22248583.93903801,0,0.013045045074146215,78368212.04439148,0,0.05983353112679045,0.0,0.0
575,62206700.15313146,0,0.05745565055288877,179279993.89894465,0,0.21133990945528858,0.0,0.0
576,2136496326.8485427,0,1.9408068309125417,229715815.69927722,0,0.2638405921408611,0.0,0.0
577,2834935004.227849,0,1.935385370913696,0.0,0,0.0,0.0,0.0
578,2830579469.6857634,0,1.9316477723969152,0.0,0,0.0,0.0,0.0
579,0.0,0,0.0,547042906.6178668,0,0.4748226406667537,0.0,0.0
580,0.0,0,0.0,196457666.45141125,0,0.21302894109969678,0.0,0.0
581,0.0,0,0.0,27286911.8945319,0,0.028215895612479648,0.0,0.0
582,133075372.62609503,0,0.10537383211454796,20826995.372503255,0,0.022254028435901504,0.0,0.0
583,0.0,0,0.0,899138057.2675838,0,0.8508770646968724,0.0,0.0
584,3308710211.376442,0,1.9110767391128172,0.0,0,0.0,0.0,0.0
585,70171756.6452184,0,0.05590267567803696,86919889.23496032,0,0.0905939832952301,0.0,0.0
586,2346375726.737918,0,1.9442396951242746,0.0,0,0.0,0.0,0.0
587,2325872101.085644,0,1.9229076384282462,0.0,0,0.0,0.0,0.0
588,2647873754.897117,0,1.9436333921448399,13486202.434340063,0,0.014016201709732695,0.0,0.0
589,0.0,0,0.0,39143591.72186953,0,0.03804308145634877,0.0,0.0
590,89661845.36995046,0,0.06747022053942361,59797672.880172774,0,0.05964047557438917,0.0,0.0
591,3112422487.690664,0,1.9171027933212268,0.0,0,0.0,0.0,0.0
592,2264152165.676733,0,1.9214277577989096,13797481.69637245,0,0.015845607218603553,0.0,0.0
593,335292311.2060132,0,0.2084162467765617,255252766.45781875,0,0.20602117818085508,0.0,0.0
594,20208331.765068077,0,0.013884407184858888,249124555.6127541,0,0.21434033627844684,0.0,0.0
595,74648499.45271868,0,0.040153721610961556,48013003.58791859,0,0.03461210965598158,0.0,0.0
596,231220605.64627445,0,0.14597692278329558,5509219.020207773,0,0.004838745218484159,0.0,0.0
597,0.0,0,0.0,377646969.62851036,0,0.40016407729678005,0.0,0.0
598,378878667.0700481,0,0.31170438289617314,0.0,0,0.0,0.0,0.0
599,109968499.64368764,0,0.07545627515073661,315547476.6245639,0,0.2743347144779528,0.0,0.0
600,2489931334.9558725,0,1.9418413287602694,0.0,0,0.0,0.0,0.0
601,167811430.83978793,0,0.14353747778250575,0.0,0,0.0,0.0,0.0
602,2959689842.340124,0,1.910312969740564,0.0,0,0.0,0.0,0.0
603,3119907547.60087,0,1.9229076384282462,5133095.04712197,0,0.00463521123604321,0.0,0.0
604,3001170897.648179,0,1.9440479889759832,42991370.26100041,0,0.038171368024524525,0.0,0.0
605,198792877.61843705,0,0.1488384852815141,52545686.42278008,0,0.05196746503773478,0.0,0.0
606,19531204.580481917,0,0.014101163877882392,149664529.38486683,0,0.13761623652806895,0.0,0.0
607,2648874737.427271,0,1.9445559951504907,49757882.233832605,0,0.047826530611945944,0.0,0.0
608,0.0,0,0.0,763971561.1035228,0,0.5755922917104636,0.0,0.0
609,3433736404.9597893,0,1.9330365403602556,0.0,0,0.0,0.0,0.0
610,210444562.76912916,0,0.1462868766476267,4940819.424223993,0,0.004719765388607013,0.0,0.0
611,22506327.519126147,0,0.014143755507393913,28205611.468539223,0,0.023791889678760926,0.0,0.0
612,794898116.3227686,0,0.464581592379247,0.0,0,0.0,0.0,0.0
613,18722229.0732003,0,0.01375023524342402,35883331.97815027,0,0.03502270419494852,0.0,0.0
614,1974872170.4142656,0,1.9214277577989096,0.0,0,0.0,0.0,0.0
615,0.0,0,0.0,44656757.57152588,0,0.03805226587650329,0.0,0.0
616,1829354399.9140062,0,1.0488834078604872,17303564.71354676,0,0.013596580519458522,0.0,0.0
617,0.0,0,0.0,207375872.81207994,0,0.21085265370694203,0.0,0.0
618,19310671.617406003,0,0.013917529975196019,552743424.5813725,0,0.48211347185535913,0.0,0.0
619,51238366.74491297,0,0.04137489737620954,21351504.876565114,0,0.023155652086175114,0.0,0.0
620,1914508807.8452296,0,1.4964627556420016,0.0,0,0.0,0.0,0.0
621,44781592.15230471,0,0.04072379674475034,0.0,0,0.0,0.0,0.0
622,2623307852.693061,0,1.9302896161182637,0.0,0,0.0,0.0,0.0
623,0.0,0,0.0,53577531.36663566,0,0.06018557271828613,0.0,0.0
624,1313539827.1679506,0,1.0408252591804863,0.0,0,0.0,0.0,0.0
625,14872658.178271703,0,0.01410121587128993,18662030.943193197,0,0.023729909845855386,0.0,0.0
626,265769525.88498625,0,0.18410869177639522,10770219.780831708,0,0.010085892195749317,0.0,0.0
627,3006484756.678882,0,1.9483702481939598,63063123.43579309,0,0.05755589966386904,0.0,0.0
628,134150535.6715534,0,0.0839429095682918,164564420.88613677,0,0.13382587592744466,0.0,0.0
629,206623854.1880412,0,0.14024633828461053,315283776.5714534,0,0.2736112575056044,0.0,0.0
630,84070681.05071336,0,0.06691978059075279,56452040.85910846,0,0.059631470772605874,0.0,0.0
631,2385500847.9079065,0,1.8980525918466427,517499239.72464335,0,0.501849254865186,0.0,0.0
632,3283679112.145356,0,1.9295464890786609,0.0,0,0.0,0.0,0.0
633,89961608.476324,0,0.07057840667913512,731308356.3080071,0,0.6941555891542673,0.0,0.0
634,0.0,0,0.0,1036048975.1496303,0,0.8723811043238676,0.0,0.0
635,1602447325.0032365,0,1.035943740741262,60814359.77941705,0,0.05291863738954643,0.0,0.0
636,120509635.33691126,0,0.06965331471863573,180868510.23208207,0,0.13566346605992202,0.0,0.0
637,0.0,0,0.0,100408305.24780881,0,0.09326493136754299,0.0,0.0
638,3304300700.1554403,0,1.9447852372024699,106584189.80646977,0,0.08751247065022898,0.0,0.0
639,0.0,0,0.0,29411025.13478931,0,0.02840799543706521,0.0,0.0
640,2959689842.340124,0,1.910312969740564,0.0,0,0.0,0.0,0.0
641,2440043429.000842,0,1.952804568033265,99121492.63601968,0,0.10188805610263234,0.0,0.0
642,2641206905.6557097,0,1.9374886694689248,0.0,0,0.0,0.0,0.0
643,21346914.208398078,0,0.013743097955644327,1147919937.5262723,0,0.8611338362750527,0.0,0.0
644,2789179099.122291,0,1.9395603402025086,0.0,0,0.0,0.0,0.0
645,2791790316.7555523,0,1.9418413287602694,0.0,0,0.0,0.0,0.0
646,2985095270.8790503,0,1.9309725174847476,28210846.28472291,0,0.026194305887410434,0.0,0.0
647,53188557.92759471,0,0.040592899255642134,76785642.64560734,0,0.07653737035227685,0.0,0.0
648,75954241.38219316,0,0.06818544213016711,8642012.916227557,0,0.010610382279751756,0.0,0.0
649,17661515.99717103,0,0.013632977999178708,15138896.426237194,0,0.015817424767374164,0.0,0.0
650,3336980467.210307,0,1.9316477723969152,0.0,0,0.0,0.0,0.0
651,105555637.49176422,0,0.07110056409326103,5329850.479164578,0,0.004981285144758644,0.0,0.0
652,1043783156.1285245,0,0.7487953126816815,14916226.075537331,0,0.015376313374272992,0.0,0.0
653,160294061.64175963,0,0.10660009591350976,154888213.91457573,0,0.13438806485876437,0.0,0.0
654,23564753.000247404,0,0.01271524568444311,31638562.75137711,0,0.02277220873289597,0.0,0.0
655,0.0,0,0.0,1142374348.8324752,0,0.8549764705159391,0.0,0.0
656,784790811.458626,0,0.48216810825216183,1134174084.0192862,0,0.8635263642138699,0.0,0.0
657,2952137706.504158,0,1.904173258075902,0.0,0,0.0,0.0,0.0
658,0.0,0,0.0,236870973.78934434,0,0.2134331596522904,0.0,0.0
659,2739174745.254438,0,1.8958883357460286,3292523.581940527,0,0.002810493305220973,0.0,0.0
660,3152736139.2835293,0,1.9483702481939598,0.0,0,0.0,0.0,0.0
661,218117253.51043743,0,0.1976251855017525,500993361.24708986,0,0.5659162262255844,0.0,0.0
662,0.0,0,0.0,1027464277.1593679,0,0.861594496230434,0.0,0.0
663,980652992.7052855,0,0.6273671454661011,0.0,0,0.0,0.0,0.0
664,3231025559.5460677,0,1.8906515462051598,16445499.043791426,0,0.013436070573619882,0.0,0.0
665,203744434.29750204,0,0.14070779802561853,5000093.508117646,0,0.004829094444083605,0.0,0.0
666,20945934.502929788,0,0.013444334789278634,72254739.41384056,0,0.0604320021558907,0.0,0.0
667,2960629357.7931747,0,1.9110767391128172,164989938.99643666,0,0.14335203020973714,0.0,0.0
668,221341014.77456063,0,0.18475539588136028,15452012.63523927,0,0.01724138937932126,0.0,0.0
669,15674845.12750065,0,0.01355572600658272,314129891.65222776,0,0.33440107396066876,0.0,0.0
670,0.0,0,0.0,421035571.81086475,0,0.3968217271982327,0.0,0.0
671,2792758693.029114,0,1.9426872303297924,13707838.39210974,0,0.013145150170488756,0.0,0.0
672,2782323035.4508653,0,1.9335708328351577,0.0,0,0.0,0.0,0.0
673,508880588.1095182,0,0.3713737808890394,0.0,0,0.0,0.0,0.0
674,398348036.97102225,0,0.23807128583025072,931908080.8726518,0,0.6899686600508437,0.0,0.0
675,2141774874.6038055,0,1.946829648301509,0.0,0,0.0,0.0,0.0
676,0.0,0,0.0,38672404.44455023,0,0.04387182954729052,0.0,0.0
677,2242496650.311341,0,1.8983058776436899,737265692.0842404,0,0.7874450732790825,0.0,0.0
678,18086423.34598664,0,0.014012982490835756,31272446.829875164,0,0.0323024155748899,0.0,0.0
679,2009376819.58862,0,1.2581547934084245,0.0,0,0.0,0.0,0.0
680,0.0,0,0.0,25785844.832986712,0,0.028265530845753183,0.0,0.0
681,99709654.52955115,0,0.08647565334110291,307243633.1036836,0,0.33542728561098334,0.0,0.0
682,17733972.04088108,0,0.01369777711864385,43624391.92576289,0,0.04439414239445246,0.0,0.0
683,0.0,0,0.0,219135043.74583495,0,0.21133271414526705,0.0,0.0
684,0.0,0,0.0,87176191.02871916,0,0.07775906739605132,0.0,0.0
685,2110282213.1613092,0,1.9108994870127394,0.0,0,0.0,0.0,0.0
686,2674027256.740833,0,1.9214277577989096,0.0,0,0.0,0.0,0.0
687,321762671.67055243,0,0.2102537561276252,0.0,0,0.0,0.0,0.0
688,154446328.99883306,0,0.10792248132879384,923681711.2686117,0,0.7781982871262184,0.0,0.0
689,2692187707.0820537,0,1.937852130609568,3721124.2044088994,0,0.003548567076302484,0.0,0.0
690,2855236170.7808695,0,1.952804568033265,0.0,0,0.0,0.0,0.0
691,0.0,0,0.0,446206935.84424615,0,0.4796321518013796,0.0,0.0
692,1355638557.8564675,0,1.2464143592649028,0.0,0,0.0,0.0,0.0
693,3021128489.639628,0,1.9194472392488238,4046496.611980941,0,0.0033541530775428006,0.0,0.0
694,872640058.1819168,0,0.8703441195834549,0.0,0,0.0,0.0,0.0
695,0.0,0,0.0,16156883.515205586,0,0.015628002429124464,0.0,0.0
696,65146495.687042385,0,0.040223909338538866,1063706215.1322073,0,0.7810223121566925,0.0,0.0
697,2086920279.7252617,0,1.8842552894605575,0.0,0,0.0,0.0,0.0
698,17376291.27237092,0,0.013926466955186389,14694729.74282099,0,0.015965140688440665,0.0,0.0
699,13220503.118025344,0,0.01328113017539706,724565062.3084817,0,0.847683066476694,0.0,0.0
700,3032955887.4464707,0,1.9289067523122807,0.0,0,0.0,0.0,0.0
701,271368638.50463945,0,0.14237927931706357,308726706.24674666,0,0.20901138540418449,0.0,0.0
702,3259620108.699225,0,1.9117710636237282,0.0,0,0.0,0.0,0.0
703,2617279405.3560085,0,1.9247121002519938,54702867.870333984,0,0.05628651708532502,0.0,0.0
704,2343076086.032629,0,1.9408068309125417,0.0,0,0.0,0.0,0.0
705,74410156.80293246,0,0.0559789784656351,736102092.1165104,0,0.6655412581950125,0.0,0.0
706,341799000.18516886,0,0.305577721748572,11982846.255577415,0,0.014852195580312946,0.0,0.0
707,2313458075.7332034,0,1.9099955806699445,0.0,0,0.0,0.0,0.0
708,0.0,0,0.0,79565567.5354298,0,0.10322457212044825,0.0,0.0
709,198275052.79419798,0,0.1483753825377021,354622355.2943204,0,0.33694627871523025,0.0,0.0
710,828389371.75243,0,0.7216437451836877,48354290.358764224,0,0.05830535635402242,0.0,0.0
711,92625377.52530585,0,0.05950540267305708,32035667.490824334,0,0.027844591351879097,0.0,0.0
712,464460872.19490725,0,0.31210584437722094,0.0,0,0.0,0.0,0.0
713,86214053.39208184,0,0.06895009703070495,31728328.295528114,0,0.034041133408623275,0.0,0.0
714,3053383029.8697443,0,1.9452453020854148,254995034.32687944,0,0.20005907940756032,0.0,0.0
715,0.0,0,0.0,38261971.91086723,0,0.034766260896578804,0.0,0.0
716,2873360060.7304177,0,1.888482413212221,213206316.86694682,0,0.18811951440300884,0.0,0.0
717,164318939.8794685,0,0.14607605560444933,0.0,0,0.0,0.0,0.0
718,57475393.528125614,0,0.03866377811455376,37586633.93296397,0,0.033578406252411465,0.0,0.0
719,0.0,0,0.0,12374027.5823707,0,0.015799720590164462,0.0,0.0
720,3298916747.2807546,0,1.9408068309125417,0.0,0,0.0,0.0,0.0
721,136131001.9998951,0,0.08541852138372016,1147671796.5048976,0,0.8606640710165231,0.0,0.0
722,2136416857.1902504,0,1.9407161581748973,0.0,0,0.0,0.0,0.0
723,18713491.81817828,0,0.013420268905430674,5108569.096626649,0,0.0050291740211081005,0.0,0.0
724,20685552.020039506,0,0.013250328224872567,164441787.80454507,0,0.13376229853257582,0.0,0.0
725,813173024.3883734,0,0.6190772052883189,0.0,0,0.0,0.0,0.0
726,829251942.6229918,0,0.6166327604424995,4399148.411742116,0,0.004628966847301432,0.0,0.0
727,161145400.8700357,0,0.14269579277972438,12212591.904784137,0,0.014641327454839604,0.0,0.0
728,0.0,0,0.0,728150268.897909,0,0.8540847449151454,0.0,0.0
729,233811716.3312407,0,0.18428601309360731,0.0,0,0.0,0.0,0.0
730,0.0,0,0.0,110899228.90167283,0,0.0911924091283505,0.0,0.0
731,0.0,0,0.0,164341399.07069883,0,0.13705384786282254,0.0,0.0
732,55278486.92262752,0,0.03905455853580679,24135620.226465773,0,0.023043811616182977,0.0,0.0
733,16244395.756802022,0,0.013166478390390918,56805590.45622467,0,0.05991665291101518,0.0,0.0
734,0.0,0,0.0,619852625.9764555,0,0.4845986845281303,0.0,0.0
735,2599465457.4683247,0,1.8990232491241312,0.0,0,0.0,0.0,0.0
736,713710727.3667936,0,0.48274435964987517,303953578.0542004,0,0.26537810910622844,0.0,0.0
737,1768331774.4417846,0,1.510058412046222,0.0,0,0.0,0.0,0.0
738,81130357.60693169,0,0.0583864056089869,4996619.776667738,0,0.005013451503818445,0.0,0.0
739,2806309180.091405,0,1.9108279062823885,0.0,0,0.0,0.0,0.0
740,2679522587.810488,0,1.9263975915089828,21361277.03759746,0,0.022337107564890737,0.0,0.0
741,17004110.556073196,0,0.013045045074146215,347837262.86994725,0,0.32827844529068306,0.0,0.0
742,715246249.0029608,0,0.4742248221056315,32653772.29704024,0,0.028740620129138854,0.0,0.0
743,2788889154.3206463,0,1.8958883357460286,0.0,0,0.0,0.0,0.0
744,136288091.83577663,0,0.10792248132879384,56589779.20022544,0,0.05946556154259121,0.0,0.0
745,3366048342.1176834,0,1.952804568033265,0.0,0,0.0,0.0,0.0
746,2282210466.5981545,0,1.9407161581748973,399266891.4477118,0,0.44607712401652183,0.0,0.0
747,0.0,0,0.0,73009175.59225634,0,0.07761611813757655,0.0,0.0
748,51087296.020792894,0,0.03789925326667401,950392103.6034489,0,0.8301899731592288,0.0,0.0
749,186464908.98088166,0,0.14768289978619153,715460235.533468,0,0.6945781019311602,0.0,0.0
750,2895020359.515995,0,1.5541498469876611,0.0,0,0.0,0.0,0.0
751,941152490.208337,0,0.8756174384611202,0.0,0,0.0,0.0,0.0
752,855105359.0913415,0,0.7265095088877567,0.0,0,0.0,0.0,0.0
753,2327980792.6833396,0,1.9251014609176984,12277993.011065751,0,0.014795633562664213,0.0,0.0
754,203803574.70163116,0,0.1442697432594484,4811768.248009093,0,0.0046654416888593465,0.0,0.0
755,2927689310.42952,0,1.9335708328351577,44330468.156592265,0,0.041432478481953285,0.0,0.0
756,2587018547.9942236,0,1.887556862834132,32736378.685938388,0,0.030898864118389012,0.0,0.0
757,14954793.761064973,0,0.013766821434325921,116434377.67823303,0,0.1364623256051295,0.0,0.0
758,288758015.0895282,0,0.1812589447160428,162410566.7026513,0,0.13397611943028753,0.0,0.0
759,2798056535.043758,0,1.9037505264582921,587356156.7179172,0,0.5186731474820898,0.0,0.0
760,0.0,0,0.0,13574058.805838834,0,0.015977431921258604,0.0,0.0
761,583893314.3484304,0,0.4740464455132616,0.0,0,0.0,0.0,0.0
762,0.0,0,0.0,965459032.2592452,0,0.8734884721081033,0.0,0.0
763,3135994893.8854218,0,1.935385370913696,3705172.893276558,0,0.002806855731578547,0.0,0.0
764,0.0,0,0.0,696091801.2452456,0,0.6674758215032539,0.0,0.0
765,127764225.27603564,0,0.1074325150039858,68131849.90937576,0,0.07575676956024349,0.0,0.0
766,20596839.89468776,0,0.013184230327388786,26946097.69759652,0,0.022999011418097265,0.0,0.0
767,171053545.23322108,0,0.14257626027404063,148024094.24024403,0,0.16053073814740054,0.0,0.0
768,2909334809.304186,0,1.9183338786757709,0.0,0,0.0,0.0,0.0
769,0.0,0,0.0,87323012.94486387,0,0.07801731304588067,0.0,0.0
770,17996305.494665176,0,0.013645489114289965,44375197.846129134,0,0.04431446409455449,0.0,0.0
771,707948954.1883491,0,0.6228858449122265,216633222.50097778,0,0.24731004111671584,0.0,0.0
772,14503717.586558871,0,0.01369777711864385,49456308.87919256,0,0.06097468139053472,0.0,0.0
773,1394857216.6322381,0,0.8836749126940848,0.0,0,0.0,0.0,0.0
774,1469943514.5612636,0,0.8880461472427892,0.0,0,0.0,0.0,0.0
775,0.0,0,0.0,13384646.352131234,0,0.015556715137455018,0.0,0.0
776,3662543900.0371227,0,1.9483168315857045,51438321.60805763,0,0.03720656545008711,0.0,0.0
777,48283915.48454111,0,0.041441527843275934,83443707.20410295,0,0.0934076366027772,0.0,0.0
778,57014513.903749794,0,0.04050011753644735,806546696.9416853,0,0.6859474174161784,0.0,0.0
779,3866598303.813974,0,1.8875227111950539,390860126.0241046,0,0.2565190433648447,0.0,0.0
780,2863840668.8053937,0,1.8805807763163092,15260115.69457343,0,0.014556555072686661,0.0,0.0
781,909561638.8441312,0,0.6063807427926362,786350220.1498829,0,0.6600790143114302,0.0,0.0
782,2892270522.4045987,0,1.904173258075902,0.0,0,0.0,0.0,0.0
783,582503283.9463876,0,0.47266967703749246,0.0,0,0.0,0.0,0.0
784,70625978.59832492,0,0.04129883055847514,19820198.005785733,0,0.01583575182346495,0.0,0.0
785,65303142.79712938,0,0.04168140123152511,427188229.95429146,0,0.33947967726429384,0.0,0.0
786,3104349410.8935356,0,1.9108436438803758,34843729.10676142,0,0.026148703294113215,0.0,0.0
787,15838708.926218275,0,0.013720039387619554,20260204.04755872,0,0.02352777784236286,0.0,0.0
788,2769771586.6494164,0,1.9226067011172217,0.0,0,0.0,0.0,0.0
789,18326913.355042905,0,0.013935888804106396,27820194.553316735,0,0.028289912257375628,0.0,0.0
790,18563560.873713113,0,0.014143755507393913,362520051.6814443,0,0.3398692260593163,0.0,0.0
791,287184104.1633945,0,0.21159159919686213,949827783.5738726,0,0.8512658084428208,0.0,0.0
792,0.0,0,0.0,1010261262.3393692,0,0.8662496805370241,0.0,0.0
793,3088177416.670727,0,1.8983058776436899,851822871.0522964,0,0.6381517650563033,0.0,0.0
794,2304347363.882386,0,1.9005209479525234,3365145.741039616,0,0.0037534108292108003,0.0,0.0
795,3070053867.97937,0,1.8842552894605575,0.0,0,0.0,0.0,0.0
796,2464024930.262211,0,1.9164679329866798,12526729.506293606,0,0.013651138132951848,0.0,0.0
797,2989577958.2226768,0,1.9346189099095872,0.0,0,0.0,0.0,0.0
798,1307266923.5364244,0,1.0668166933231147,0.0,0,0.0,0.0,0.0
799,586644206.8244174,0,0.47677196423036294,118657732.48999317,0,0.12740499773873823,0.0,0.0
800,204400505.98361906,0,0.1412540973292842,1009569154.8142904,0,0.838643818414508,0.0,0.0
801,90799009.75585164,0,0.07645723652572875,121853831.19202384,0,0.13308522093794622,0.0,0.0
802,14162770.542746298,0,0.013324949478737049,238087955.29738784,0,0.2776128097241628,0.0,0.0
803,2795687065.0260344,0,1.9452453020854148,0.0,0,0.0,0.0,0.0
804,2112255601.8260438,0,1.2605158486331298,0.0,0,0.0,0.0,0.0
805,3316120856.6900134,0,1.9164679329866798,0.0,0,0.0,0.0,0.0
806,20089752.211405043,0,0.013790248465295772,105080787.03220423,0,0.09289219967617769,0.0,0.0
807,0.0,0,0.0,44777305.00496361,0,0.045096841270449835,0.0,0.0
808,109067842.24628046,0,0.0869086704978166,910638710.8481765,0,0.8668437736032216,0.0,0.0
809,187569437.51962882,0,0.13880110263496964,0.0,0,0.0,0.0,0.0
810,2344070428.908179,0,1.9418413287602694,0.0,0,0.0,0.0,0.0
811,113546509.91991529,0,0.07600378157276416,471517685.7881081,0,0.39314835228607986,0.0,0.0
812,153273850.68918806,0,0.10694617935192738,545163382.9790335,0,0.47198222203141854,0.0,0.0
813,3359784815.0113635,0,1.880718622914645,0.0,0,0.0,0.0,0.0
814,662366994.0928265,0,0.6224756797850777,0.0,0,0.0,0.0,0.0
815,15929434.63823881,0,0.0138110140178047,262055109.86277044,0,0.28151435991232376,0.0,0.0
816,2738171668.126522,0,1.8950126776256062,14507160.33620191,0,0.01456595152061324,0.0,0.0
817,14596053.48810348,0,0.013798746981489952,22309832.53491681,0,0.028199543862176817,0.0,0.0
818,1292346629.0861857,0,0.8746370299012323,167682305.07717174,0,0.14820658515927634,0.0,0.0
819,256812102.35633442,0,0.17665000343502987,22315311.223270107,0,0.02058002557670575,0.0,0.0
820,2455228884.552084,0,1.9078562443917924,0.0,0,0.0,0.0,0.0
821,1174380245.5712628,0,0.8842443947946966,0.0,0,0.0,0.0,0.0
822,355183852.44338286,0,0.2969564624438336,80415048.14011577,0,0.08887575732292813,0.0,0.0
823,44901430.20904581,0,0.04085144103303076,3964552.3974765525,0,0.004960478431835223,0.0,0.0
824,17557521.546860248,0,0.01353997335161105,15138679.868043171,0,0.015816995764202642,0.0,0.0
825,774070322.1887821,0,0.6249035678658671,0.0,0,0.0,0.0,0.0
826,2771040868.2792807,0,1.8805807763163092,0.0,0,0.0,0.0,0.0
827,0.0,0,0.0,51572778.2241576,0,0.044397787434331204,0.0,0.0
828,0.0,0,0.0,1080176343.539618,0,0.8648635088667955,0.0,0.0
829,3384646761.7320604,0,1.8983058776436899,0.0,0,0.0,0.0,0.0
830,121373809.66294605,0,0.10859783133036116,115884391.26804927,0,0.13518377494305722,0.0,0.0
831,2924675559.3004217,0,1.9310686691933383,102880487.54587008,0,0.09013563656249139,0.0,0.0
832,2977248386.6369724,0,1.9245906786933227,0.0,0,0.0,0.0,0.0
833,783089330.2447923,0,0.48089517653494146,259927665.8655367,0,0.21200895344620316,0.0,0.0
834,2695891655.9389286,0,1.9412018410273695,35115127.92071195,0,0.036368512055042566,0.0,0.0
835,130247111.33378127,0,0.09315476555755078,4896931.314981628,0,0.004825773515128369,0.0,0.0
836,2922410801.3709717,0,1.8800045520964264,0.0,0,0.0,0.0,0.0
837,1608486966.7144687,0,0.8756490277944315,1219201531.6863,0,0.8269523704789938,0.0,0.0
838,658314079.7520653,0,0.47725793555275475,0.0,0,0.0,0.0,0.0
839,65953202.686837986,0,0.040808370222371965,272382199.0205658,0,0.21353113907191412,0.0,0.0
840,2644808345.567795,0,1.8950126776256062,0.0,0,0.0,0.0,0.0
841,0.0,0,0.0,87735063.15273605,0,0.09216045455876622,0.0,0.0
842,220209589.9378386,0,0.14591199219850262,247727806.73506823,0,0.2121200675485025,0.0,0.0
843,2582214414.6845675,0,1.8922802036152344,0.0,0,0.0,0.0,0.0
844,2695891655.9389286,0,1.9412018410273695,40398384.1928916,0,0.04087553948595734,0.0,0.0
845,0.0,0,0.0,23051885.323712267,0,0.023378368500606254,0.0,0.0
846,2844548430.6524696,0,1.9436333921448399,0.0,0,0.0,0.0,0.0
847,21102970.605180595,0,0.013802740114856937,17939094.993101433,0,0.01588887738478275,0.0,0.0
848,3294929423.5784016,0,1.9378604847117225,0.0,0,0.0,0.0,0.0
849,0.0,0,0.0,17958228.96107144,0,0.015920941414381697,0.0,0.0
850,14373626.704599854,0,0.013555521957983659,91551466.14581376,0,0.11059455231509921,0.0,0.0
851,238026512.1089892,0,0.14840291706617897,265909758.82331902,0,0.21439758391839298,0.0,0.0
852,65588789.0021681,0,0.040544351756836156,18505826.825220115,0,0.015526015642945696,0.0,0.0
853,1493912935.025466,0,1.0593397363211399,0.0,0,0.0,0.0,0.0
854,0.0,0,0.0,40995683.58928676,0,0.04399318900083334,0.0,0.0
855,21986061.127282806,0,0.013766821434325921,53910063.92645256,0,0.044490825483061464,0.0,0.0
856,0.0,0,0.0,114407361.43188377,0,0.11135981843909173,0.0,0.0
857,2336650833.998196,0,1.934121756480562,0.0,0,0.0,0.0,0.0
858,0.0,0,0.0,87640916.96826178,0,0.10409652884563712,0.0,0.0
859,3225304238.1945877,0,1.8864249551016203,0.0,0,0.0,0.0,0.0
860,59828526.58735521,0,0.05931969748215574,46216277.262321465,0,0.06076604393476086,0.0,0.0
861,2026110716.8856363,0,1.4959534292935617,865765158.4293108,0,0.8076751452158824,0.0,0.0
862,2592041649.090998,0,1.9013682118065536,0.0,0,0.0,0.0,0.0
863,381351018.4844806,0,0.36182074792523844,41246632.651792705,0,0.05221403965056243,0.0,0.0
864,14829135.673330117,0,0.013632977999178708,64695795.835063994,0,0.07706653168456166,0.0,0.0
865,2336515279.6890707,0,1.933980695481789,3814202.1363619263,0,0.004605744927739557,0.0,0.0
866,2456735931.4559536,0,1.9093316470279054,769098716.0863227,0,0.7353725052073634,0.0,0.0
867,1016347661.0018749,0,0.617706912566611,1106604871.6538534,0,0.83262315313067,0.0,0.0
868,2675663559.279053,0,1.9229076384282462,0.0,0,0.0,0.0,0.0
869,0.0,0,0.0,38790574.97623996,0,0.02840799543706521,0.0,0.0
870,17293679.371870097,0,0.013849977147877526,594605268.5683901,0,0.5710277745466462,0.0,0.0
871,372372319.21640146,0,0.3052145177820561,120848665.3563476,0,0.13080152221786165,0.0,0.0
872,2977397678.420969,0,1.9247121002519938,23646481.410656534,0,0.02002512598630919,0.0,0.0
873,17744798.773325298,0,0.013707459716438965,15055304.841712274,0,0.01565182930221489,0.0,0.0
874,339998735.9153821,0,0.24930543688770412,0.0,0,0.0,0.0,0.0
875,3650446993.741332,0,1.9402403235171068,0.0,0,0.0,0.0,0.0
876,2569230953.5067663,0,1.880270729027544,0.0,0,0.0,0.0,0.0
877,2811089962.8310585,0,1.9149280390277617,0.0,0,0.0,0.0,0.0
878,241657789.14085156,0,0.21215553599085646,20040124.994547017,0,0.023616273138859008,0.0,0.0
879,13629164.941571228,0,0.013758499972237572,577465928.157714,0,0.6904300648079396,0.0,0.0
880,1316067183.6762738,0,0.8721611585276231,60968472.682672344,0,0.05452454137434939,0.0,0.0
881,3651159724.5371675,0,1.9407161581748973,0.0,0,0.0,0.0,0.0
882,3072851823.2313414,0,1.8864249551016203,0.0,0,0.0,0.0,0.0
883,2739821548.710988,0,1.8964530903944896,14583907.718353987,0,0.014717988576968362,0.0,0.0
884,46542030.112413295,0,0.040863112751673314,13080337.693022665,0,0.015608072864125097,0.0,0.0
885,19129679.97810237,0,0.013766821434325921,5093467.870211918,0,0.005001320316554476,0.0,0.0
886,0.0,0,0.0,25473911.926956207,0,0.02740623529716045,0.0,0.0
887,0.0,0,0.0,130689032.73204283,0,0.1351861307030911,0.0,0.0
888,17661515.99717103,0,0.013632977999178708,15138896.426237194,0,0.015817424767374164,0.0,0.0
889,3127313326.8958626,0,1.9286513893841977,15741468.413478248,0,0.013527509030132858,0.0,0.0
890,2251021314.482931,0,1.9074073111277003,11810905.384600438,0,0.014435717941152951,0.0,0.0
891,3037187909.2472496,0,1.9322914620441156,0.0,0,0.0,0.0,0.0
892,82740856.82431993,0,0.07025142127614771,23988930.22931487,0,0.027443779984585664,0.0,0.0
893,171606567.55051103,0,0.1431307998822632,4133521.3984180233,0,0.004787833363726398,0.0,0.0
894,43465738.74572234,0,0.04055518530214024,180140900.0452204,0,0.212933431099246,0.0,0.0
895,0.0,0,0.0,75002545.40361516,0,0.06154778711164484,0.0,0.0
896,3624485981.364629,0,1.9229076384282462,0.0,0,0.0,0.0,0.0
897,56408941.483024,0,0.039995868079014396,64469693.33456006,0,0.06009308447466381,0.0,0.0
898,98131712.54719281,0,0.06899609737150543,147961267.3321371,0,0.13492519618626278,0.0,0.0
899,47795426.6189526,0,0.04095169874293869,100030621.60486506,0,0.11095735846054804,0.0,0.0
900,58226109.32426786,0,0.04150899164054253,29115144.824527606,0,0.02786225414964066,0.0,0.0
901,204543165.41934204,0,0.14137288732136272,0.0,0,0.0,0.0,0.0
902,0.0,0,0.0,840026689.449666,0,0.8416453050308685,0.0,0.0
903,0.0,0,0.0,279543451.6852924,0,0.28319920845071167,0.0,0.0
904,1353525352.5909002,0,0.7406027085273378,0.0,0,0.0,0.0,0.0
905,0.0,0,0.0,67902872.58247438,0,0.06061553354474957,0.0,0.0
906,3638541950.305825,0,1.9322914620441156,0.0,0,0.0,0.0,0.0
907,3933315934.4439516,0,1.9286513893841977,0.0,0,0.0,0.0,0.0
908,975349275.1449122,0,0.7358958728288428,0.0,0,0.0,0.0,0.0
909,2794535928.8664064,0,1.9442396951242746,53869376.5732543,0,0.05054184716631023,0.0,0.0
910,18333995.950707,0,0.013420268905430674,144706277.61673576,0,0.13458619845896827,0.0,0.0
911,47180453.78323245,0,0.04033503864672597,38718386.96659739,0,0.043973964430230814,0.0,0.0
912,3146629231.5811334,0,1.9436333921448399,818155019.7434415,0,0.6528252480391143,0.0,0.0
913,0.0,0,0.0,238243910.56139326,0,0.21534601005281495,0.0,0.0
914,50907027.681232095,0,0.041246986937951674,131107171.59003468,0,0.13677215458567468,0.0,0.0
915,1275094761.298334,0,0.8602557024978901,39853275.97804734,0,0.035948487069883545,0.0,0.0
916,153022331.1311412,0,0.10673674345898015,235003573.96890545,0,0.2105013576930497,0.0,0.0
917,2766154706.973483,0,1.9194472392488238,209337467.02181318,0,0.19739942883811146,0.0,0.0
918,0.0,0,0.0,4279875.451302285,0,0.0051129102275800226,0.0,0.0
919,2341147897.0260496,0,1.9388007855744323,12455886.30257092,0,0.015215351561042872,0.0,0.0
920,0.0,0,0.0,259638283.39934546,0,0.27767046082140157,0.0,0.0
921,0.0,0,0.0,30810996.076057933,0,0.028353931144206902,0.0,0.0
922,56133249.84291392,0,0.04073380114351105,443751391.5756019,0,0.39768231046612196,0.0,0.0
923,109358909.58022368,0,0.09211434523860186,4084871.24458618,0,0.004679773223798747,0.0,0.0
924,1012003533.2601199,0,0.8827301242490616,11491055.10248867,0,0.01366097200889347,0.0,0.0
925,2624563279.0512257,0,1.9314511306883082,13935557.918685675,0,0.015067476512043682,0.0,0.0
926,2128832365.634882,0,1.9320616374161106,0.0,0,0.0,0.0,0.0
927,2314327306.020591,0,1.9108994870127394,0.0,0,0.0,0.0,0.0
928,733019576.8505777,0,0.4706515645400514,48982566.59429793,0,0.041863857298408684,0.0,0.0
929,158204244.026545,0,0.14405069759821637,0.0,0,0.0,0.0,0.0
930,2136416857.1902504,0,1.9407161581748973,0.0,0,0.0,0.0,0.0
931,3273725434.627395,0,1.922191527143134,5511542.515683611,0,0.0048426388503658,0.0,0.0
932,0.0,0,0.0,855144804.9275666,0,0.8645187627274215,0.0,0.0
933,2762326112.6399975,0,1.9161036888372194,0.0,0,0.0,0.0,0.0
934,0.0,0,0.0,5432418.607327212,0,0.00516169263162885,0.0,0.0
935,2698580339.6572227,0,1.9436333921448399,3833925.9811027357,0,0.0037024981521394783,0.0,0.0
936,252673102.60172895,0,0.1437584604487599,19340744.245085284,0,0.015109839521002894,0.0,0.0
937,106217011.54849428,0,0.07162573164879872,859195145.3684142,0,0.7018786903123684,0.0,0.0
938,2618765918.0682015,0,1.9168051471110668,39467172.60317843,0,0.040566681475244996,0.0,0.0
939,0.0,0,0.0,4005982.977033899,0,0.005058228941572531,0.0,0.0
940,1427879390.748711,0,1.0704584214056612,0.0,0,0.0,0.0,0.0
941,2992399088.665707,0,1.9369136779356746,15296662.651414324,0,0.014041353958803246,0.0,0.0
942,1988284362.7883925,0,1.937852130609568,0.0,0,0.0,0.0,0.0
943,2259110906.1218195,0,1.916044192891602,0.0,0,0.0,0.0,0.0
944,2525154474.8880854,0,1.8534458575130819,842090906.4486474,0,0.7698727323315282,0.0,0.0
945,20194537.5722069,0,0.01387345383331478,17113481.53310442,0,0.015928144285939833,0.0,0.0
946,162514959.84874207,0,0.14415456460771486,3859918.682533406,0,0.004713607664380875,0.0,0.0
947,87106523.19136909,0,0.05533026697433555,704186993.0655189,0,0.5438263696567156,0.0,0.0
948,259771839.115548,0,0.21524075575365761,16551563.707105327,0,0.01840374828649979,0.0,0.0
949,42881122.694522746,0,0.03991590413934418,286012142.60743535,0,0.3307664121741794,0.0,0.0
950,709806526.4646555,0,0.47952943828264705,4924118.111034965,0,0.004688960377778823,0.0,0.0
951,2262514079.3404818,0,1.9196781487059595,0.0,0,0.0,0.0,0.0
952,19747656.515720055,0,0.013518605575111791,16992680.362822663,0,0.01571566662907009,0.0,0.0
953,2967155527.6694326,0,1.9163826719504795,0.0,0,0.0,0.0,0.0
954,3603669634.175135,0,1.909013853199819,18615147.365774985,0,0.014011256624187323,0.0,0.0
955,0.0,0,0.0,238872044.0426825,0,0.21623491161391195,0.0,0.0
956,153967837.6034874,0,0.10752404999633616,450406330.1627599,0,0.39396182792195744,0.0,0.0
957,2330987714.106399,0,1.5171823477640438,14836334.339275355,0,0.013296836102408319,0.0,0.0
958,0.0,0,0.0,21720099.906652894,0,0.0230730307103284,0.0,0.0
959,0.0,0,0.0,580492473.7960684,0,0.48320247863905524,0.0,0.0
960,0.0,0,0.0,14409395.824750897,0,0.015945872003676486,0.0,0.0
961,104067965.56285194,0,0.10978600771944956,252931967.45444673,0,0.3373328179158128,0.0,0.0
962,2461841069.9910774,0,1.5307348384385653,1019850899.362621,0,0.7922860022302011,0.0,0.0
963,0.0,0,0.0,17150376.324962866,0,0.015993038681470055,0.0,0.0
964,1749702946.8880122,0,1.0472357066240314,0.0,0,0.0,0.0,0.0
965,2577107079.4784584,0,1.887556862834132,0.0,0,0.0,0.0,0.0
966,0.0,0,0.0,848984428.5945237,0,0.6898043827642653,0.0,0.0
967,1459244455.8874552,0,1.0289755918816321,0.0,0,0.0,0.0,0.0
968,0.0,0,0.0,12644694.56286415,0,0.015660822126105353,0.0,0.0
969,0.0,0,0.0,13174651.99833905,0,0.015822804690589068,0.0,0.0
970,19135187.27348129,0,0.01410121587128993,543395521.0506234,0,0.4845986845281303,0.0,0.0
971,16480419.228470666,0,0.013389195829708662,901350215.3737504,0,0.8540010785448515,0.0,0.0
972,2983341866.985137,0,1.9295464890786609,4255505.678595849,0,0.0036931804499048216,0.0,0.0
973,2094576172.347218,0,1.8929873903823853,0.0,0,0.0,0.0,0.0
974,0.0,0,0.0,150668262.22918713,0,0.16545385491724762,0.0,0.0
975,2873183751.8104763,0,1.8883360326310494,0.0,0,0.0,0.0,0.0
976,0.0,0,0.0,41349961.717354804,0,0.0447365535476178,0.0,0.0
977,93922810.03402889,0,0.0712809000102662,27064293.7906413,0,0.027774887720642783,0.0,0.0
978,17467990.55936958,0,0.013181427270267445,15301062.304140272,0,0.015598347142598036,0.0,0.0
979,0.0,0,0.0,4979152.016301897,0,0.004980565911274109,0.0,0.0
980,2631087828.9643874,0,1.9374886694689248,0.0,0,0.0,0.0,0.0
981,170704990.75605068,0,0.1422267494908926,13178222.929537725,0,0.0150982141426401,0.0,0.0
982,18967667.898466513,0,0.01363191683752138,46787887.50394479,0,0.04427262806205327,0.0,0.0
983,2665411297.217855,0,1.726132714372153,0.0,0,0.0,0.0,0.0
984,0.0,0,0.0,33407359.896956116,0,0.04441586502225911,0.0,0.0
985,2652954743.6256766,0,1.9483168315857045,0.0,0,0.0,0.0,0.0
986,281468439.20747745,0,0.25301308047992166,0.0,0,0.0,0.0,0.0
987,2786453828.5468645,0,1.9371797401648936,0.0,0,0.0,0.0,0.0
988,2119669804.3107228,0,1.9216076264375355,0.0,0,0.0,0.0,0.0
989,0.0,0,0.0,35571552.469143674,0,0.028017111102568312,0.0,0.0
990,17395650.008103617,0,0.013944391079398035,90328846.36635526,0,0.09332397214116753,0.0,0.0
991,0.0,0,0.0,30483689.157109663,0,0.038187620634549904,0.0,0.0
992,13690009.551193379,0,0.013829574335588037,734072079.785849,0,0.8645187627274215,0.0,0.0
993,171340713.58949542,0,0.10698080624848796,730012996.7036874,0,0.5605865636185918,0.0,0.0
994,2989577958.2226768,0,1.9346189099095872,111741807.28065225,0,0.09859513220646571,0.0,0.0
995,2057100185.7672179,0,1.5246315199978229,0.0,0,0.0,0.0,0.0
996,19881491.757566124,0,0.014117737045833207,1012863242.1661259,0,0.8418378305607799,0.0,0.0
997,2805708709.448887,0,1.910312969740564,0.0,0,0.0,0.0,0.0
998,2967338986.76844,0,1.8764409947329181,0.0,0,0.0,0.0,0.0
999,2265255904.285408,0,1.9226067011172217,42352748.203473106,0,0.04778296987404027,0.0,0.0
